climate,obstacle,orientation,heat_SP,cool_SP,load,cv,qcd
0,0,-45,19,24,heat_load [kWh/m2],0,0
0,0,-45,19,24,cool_load [kWh/m2],0.0676676,0.0607658
0,0,-45,19,24,light_load [kWh/m2],0.0196849,0.00665211
0,0,-45,19,24,primary [kWh/m2],0.0555498,0.0506997
0,0,-45,19,26,heat_load [kWh/m2],0,0
0,0,-45,19,26,cool_load [kWh/m2],0.0783686,0.0703078
0,0,-45,19,26,light_load [kWh/m2],0.0196849,0.00665211
0,0,-45,19,26,primary [kWh/m2],0.0628881,0.057321
0,0,-45,21,24,heat_load [kWh/m2],0,0
0,0,-45,21,24,cool_load [kWh/m2],0.0676676,0.0607658
0,0,-45,21,24,light_load [kWh/m2],0.0196849,0.00665211
0,0,-45,21,24,primary [kWh/m2],0.0555498,0.0506997
0,0,-45,21,26,heat_load [kWh/m2],0,0
0,0,-45,21,26,cool_load [kWh/m2],0.0783686,0.0703078
0,0,-45,21,26,light_load [kWh/m2],0.0196849,0.00665211
0,0,-45,21,26,primary [kWh/m2],0.0628881,0.057321
0,0,0,19,24,heat_load [kWh/m2],0,0
0,0,0,19,24,cool_load [kWh/m2],0.072645,0.0657438
0,0,0,19,24,light_load [kWh/m2],0.0222048,0.00590936
0,0,0,19,24,primary [kWh/m2],0.0589689,0.0539911
0,0,0,19,26,heat_load [kWh/m2],0,0
0,0,0,19,26,cool_load [kWh/m2],0.0851271,0.0771341
0,0,0,19,26,light_load [kWh/m2],0.0222048,0.00590936
0,0,0,19,26,primary [kWh/m2],0.0672471,0.0616853
0,0,0,21,24,heat_load [kWh/m2],0,0
0,0,0,21,24,cool_load [kWh/m2],0.072645,0.0657438
0,0,0,21,24,light_load [kWh/m2],0.0222048,0.00590936
0,0,0,21,24,primary [kWh/m2],0.0589689,0.0539911
0,0,0,21,26,heat_load [kWh/m2],0,0
0,0,0,21,26,cool_load [kWh/m2],0.0851271,0.0771341
0,0,0,21,26,light_load [kWh/m2],0.0222048,0.00590936
0,0,0,21,26,primary [kWh/m2],0.0672471,0.0616853
0,0,45,19,24,heat_load [kWh/m2],0,0
0,0,45,19,24,cool_load [kWh/m2],0.0652895,0.0592187
0,0,45,19,24,light_load [kWh/m2],0.0216652,0.00583445
0,0,45,19,24,primary [kWh/m2],0.0528673,0.0485417
0,0,45,19,26,heat_load [kWh/m2],0,0
0,0,45,19,26,cool_load [kWh/m2],0.075927,0.068796
0,0,45,19,26,light_load [kWh/m2],0.0216652,0.00583445
0,0,45,19,26,primary [kWh/m2],0.0598552,0.0548605
0,0,45,21,24,heat_load [kWh/m2],0,0
0,0,45,21,24,cool_load [kWh/m2],0.0652895,0.0592187
0,0,45,21,24,light_load [kWh/m2],0.0216652,0.00583445
0,0,45,21,24,primary [kWh/m2],0.0528673,0.0485417
0,0,45,21,26,heat_load [kWh/m2],0,0
0,0,45,21,26,cool_load [kWh/m2],0.075927,0.068796
0,0,45,21,26,light_load [kWh/m2],0.0216652,0.00583445
0,0,45,21,26,primary [kWh/m2],0.0598552,0.0548605
0,1,-45,19,24,heat_load [kWh/m2],0,0
0,1,-45,19,24,cool_load [kWh/m2],0.0681029,0.0610433
0,1,-45,19,24,light_load [kWh/m2],0.0209666,0.0071881
0,1,-45,19,24,primary [kWh/m2],0.0556152,0.0507339
0,1,-45,19,26,heat_load [kWh/m2],0,0
0,1,-45,19,26,cool_load [kWh/m2],0.0789563,0.0706665
0,1,-45,19,26,light_load [kWh/m2],0.0209666,0.0071881
0,1,-45,19,26,primary [kWh/m2],0.0629917,0.0573991
0,1,-45,21,24,heat_load [kWh/m2],0,0
0,1,-45,21,24,cool_load [kWh/m2],0.0681029,0.0610433
0,1,-45,21,24,light_load [kWh/m2],0.0209666,0.0071881
0,1,-45,21,24,primary [kWh/m2],0.0556152,0.0507339
0,1,-45,21,26,heat_load [kWh/m2],0,0
0,1,-45,21,26,cool_load [kWh/m2],0.0789563,0.0706665
0,1,-45,21,26,light_load [kWh/m2],0.0209666,0.0071881
0,1,-45,21,26,primary [kWh/m2],0.0629917,0.0573991
0,1,0,19,24,heat_load [kWh/m2],0,0
0,1,0,19,24,cool_load [kWh/m2],0.0734938,0.0665498
0,1,0,19,24,light_load [kWh/m2],0.024392,0.00759106
0,1,0,19,24,primary [kWh/m2],0.059052,0.0540674
0,1,0,19,26,heat_load [kWh/m2],0,0
0,1,0,19,26,cool_load [kWh/m2],0.086397,0.0783459
0,1,0,19,26,light_load [kWh/m2],0.024392,0.00759106
0,1,0,19,26,primary [kWh/m2],0.067473,0.0618798
0,1,0,21,24,heat_load [kWh/m2],0,0
0,1,0,21,24,cool_load [kWh/m2],0.0734938,0.0665498
0,1,0,21,24,light_load [kWh/m2],0.024392,0.00759106
0,1,0,21,24,primary [kWh/m2],0.059052,0.0540674
0,1,0,21,26,heat_load [kWh/m2],0,0
0,1,0,21,26,cool_load [kWh/m2],0.086397,0.0783459
0,1,0,21,26,light_load [kWh/m2],0.024392,0.00759106
0,1,0,21,26,primary [kWh/m2],0.067473,0.0618798
0,1,45,19,24,heat_load [kWh/m2],0,0
0,1,45,19,24,cool_load [kWh/m2],0.0660492,0.059921
0,1,45,19,24,light_load [kWh/m2],0.0234426,0.00672453
0,1,45,19,24,primary [kWh/m2],0.0529529,0.0487082
0,1,45,19,26,heat_load [kWh/m2],0,0
0,1,45,19,26,cool_load [kWh/m2],0.0769293,0.0696335
0,1,45,19,26,light_load [kWh/m2],0.0234426,0.00672453
0,1,45,19,26,primary [kWh/m2],0.0599619,0.055004
0,1,45,21,24,heat_load [kWh/m2],0,0
0,1,45,21,24,cool_load [kWh/m2],0.0660492,0.059921
0,1,45,21,24,light_load [kWh/m2],0.0234426,0.00672453
0,1,45,21,24,primary [kWh/m2],0.0529529,0.0487082
0,1,45,21,26,heat_load [kWh/m2],0,0
0,1,45,21,26,cool_load [kWh/m2],0.0769293,0.0696335
0,1,45,21,26,light_load [kWh/m2],0.0234426,0.00672453
0,1,45,21,26,primary [kWh/m2],0.0599619,0.055004
0,2,-45,19,24,heat_load [kWh/m2],0,0
0,2,-45,19,24,cool_load [kWh/m2],0.0613532,0.0547225
0,2,-45,19,24,light_load [kWh/m2],0.0236079,0.00819875
0,2,-45,19,24,primary [kWh/m2],0.0492393,0.0448742
0,2,-45,19,26,heat_load [kWh/m2],0,0
0,2,-45,19,26,cool_load [kWh/m2],0.0713396,0.0635894
0,2,-45,19,26,light_load [kWh/m2],0.0236079,0.00819875
0,2,-45,19,26,primary [kWh/m2],0.0558889,0.0509012
0,2,-45,21,24,heat_load [kWh/m2],0,0
0,2,-45,21,24,cool_load [kWh/m2],0.0613532,0.0547225
0,2,-45,21,24,light_load [kWh/m2],0.0236079,0.00819875
0,2,-45,21,24,primary [kWh/m2],0.0492393,0.0448742
0,2,-45,21,26,heat_load [kWh/m2],0,0
0,2,-45,21,26,cool_load [kWh/m2],0.0713396,0.0635894
0,2,-45,21,26,light_load [kWh/m2],0.0236079,0.00819875
0,2,-45,21,26,primary [kWh/m2],0.0558889,0.0509012
0,2,0,19,24,heat_load [kWh/m2],0,0
0,2,0,19,24,cool_load [kWh/m2],0.0601148,0.054237
0,2,0,19,24,light_load [kWh/m2],0.0544953,0.0198279
0,2,0,19,24,primary [kWh/m2],0.0423667,0.0376909
0,2,0,19,26,heat_load [kWh/m2],0,0
0,2,0,19,26,cool_load [kWh/m2],0.0707599,0.063908
0,2,0,19,26,light_load [kWh/m2],0.0544953,0.0198279
0,2,0,19,26,primary [kWh/m2],0.0482265,0.0428762
0,2,0,21,24,heat_load [kWh/m2],0,0
0,2,0,21,24,cool_load [kWh/m2],0.0601148,0.054237
0,2,0,21,24,light_load [kWh/m2],0.0544953,0.0198279
0,2,0,21,24,primary [kWh/m2],0.0423667,0.0376909
0,2,0,21,26,heat_load [kWh/m2],0,0
0,2,0,21,26,cool_load [kWh/m2],0.0707599,0.063908
0,2,0,21,26,light_load [kWh/m2],0.0544953,0.0198279
0,2,0,21,26,primary [kWh/m2],0.0482265,0.0428762
0,2,45,19,24,heat_load [kWh/m2],0,0
0,2,45,19,24,cool_load [kWh/m2],0.0538823,0.0483223
0,2,45,19,24,light_load [kWh/m2],0.0346296,0.013644
0,2,45,19,24,primary [kWh/m2],0.0402638,0.0363603
0,2,45,19,26,heat_load [kWh/m2],0,0
0,2,45,19,26,cool_load [kWh/m2],0.063184,0.05666
0,2,45,19,26,light_load [kWh/m2],0.0346296,0.013644
0,2,45,19,26,primary [kWh/m2],0.0457885,0.0413474
0,2,45,21,24,heat_load [kWh/m2],0,0
0,2,45,21,24,cool_load [kWh/m2],0.0538823,0.0483223
0,2,45,21,24,light_load [kWh/m2],0.0346296,0.013644
0,2,45,21,24,primary [kWh/m2],0.0402638,0.0363603
0,2,45,21,26,heat_load [kWh/m2],0,0
0,2,45,21,26,cool_load [kWh/m2],0.063184,0.05666
0,2,45,21,26,light_load [kWh/m2],0.0346296,0.013644
0,2,45,21,26,primary [kWh/m2],0.0457885,0.0413474
0,3,-45,19,24,heat_load [kWh/m2],0,0
0,3,-45,19,24,cool_load [kWh/m2],0.0676729,0.0607715
0,3,-45,19,24,light_load [kWh/m2],0.0196955,0.0066473
0,3,-45,19,24,primary [kWh/m2],0.0555519,0.0507038
0,3,-45,19,26,heat_load [kWh/m2],0,0
0,3,-45,19,26,cool_load [kWh/m2],0.0783754,0.0703183
0,3,-45,19,26,light_load [kWh/m2],0.0196955,0.0066473
0,3,-45,19,26,primary [kWh/m2],0.0628907,0.0573209
0,3,-45,21,24,heat_load [kWh/m2],0,0
0,3,-45,21,24,cool_load [kWh/m2],0.0676729,0.0607715
0,3,-45,21,24,light_load [kWh/m2],0.0196955,0.0066473
0,3,-45,21,24,primary [kWh/m2],0.0555519,0.0507038
0,3,-45,21,26,heat_load [kWh/m2],0,0
0,3,-45,21,26,cool_load [kWh/m2],0.0783754,0.0703183
0,3,-45,21,26,light_load [kWh/m2],0.0196955,0.0066473
0,3,-45,21,26,primary [kWh/m2],0.0628907,0.0573209
0,3,0,19,24,heat_load [kWh/m2],0,0
0,3,0,19,24,cool_load [kWh/m2],0.0727679,0.0658579
0,3,0,19,24,light_load [kWh/m2],0.0225366,0.00603435
0,3,0,19,24,primary [kWh/m2],0.0589919,0.0540223
0,3,0,19,26,heat_load [kWh/m2],0,0
0,3,0,19,26,cool_load [kWh/m2],0.0853044,0.0773524
0,3,0,19,26,light_load [kWh/m2],0.0225366,0.00603435
0,3,0,19,26,primary [kWh/m2],0.067287,0.0617527
0,3,0,21,24,heat_load [kWh/m2],0,0
0,3,0,21,24,cool_load [kWh/m2],0.0727679,0.0658579
0,3,0,21,24,light_load [kWh/m2],0.0225366,0.00603435
0,3,0,21,24,primary [kWh/m2],0.0589919,0.0540223
0,3,0,21,26,heat_load [kWh/m2],0,0
0,3,0,21,26,cool_load [kWh/m2],0.0853044,0.0773524
0,3,0,21,26,light_load [kWh/m2],0.0225366,0.00603435
0,3,0,21,26,primary [kWh/m2],0.067287,0.0617527
0,3,45,19,24,heat_load [kWh/m2],0,0
0,3,45,19,24,cool_load [kWh/m2],0.0656716,0.0596175
0,3,45,19,24,light_load [kWh/m2],0.0225055,0.00632543
0,3,45,19,24,primary [kWh/m2],0.0529415,0.0486237
0,3,45,19,26,heat_load [kWh/m2],0,0
0,3,45,19,26,cool_load [kWh/m2],0.0763977,0.0691435
0,3,45,19,26,light_load [kWh/m2],0.0225055,0.00632543
0,3,45,19,26,primary [kWh/m2],0.0599254,0.054946
0,3,45,21,24,heat_load [kWh/m2],0,0
0,3,45,21,24,cool_load [kWh/m2],0.0656716,0.0596175
0,3,45,21,24,light_load [kWh/m2],0.0225055,0.00632543
0,3,45,21,24,primary [kWh/m2],0.0529415,0.0486237
0,3,45,21,26,heat_load [kWh/m2],0,0
0,3,45,21,26,cool_load [kWh/m2],0.0763977,0.0691435
0,3,45,21,26,light_load [kWh/m2],0.0225055,0.00632543
0,3,45,21,26,primary [kWh/m2],0.0599254,0.054946
0,4,-45,19,24,heat_load [kWh/m2],0,0
0,4,-45,19,24,cool_load [kWh/m2],0.0679724,0.0610608
0,4,-45,19,24,light_load [kWh/m2],0.0206481,0.00706221
0,4,-45,19,24,primary [kWh/m2],0.0555887,0.0508216
0,4,-45,19,26,heat_load [kWh/m2],0,0
0,4,-45,19,26,cool_load [kWh/m2],0.0787681,0.0706169
0,4,-45,19,26,light_load [kWh/m2],0.0206481,0.00706221
0,4,-45,19,26,primary [kWh/m2],0.0629437,0.0574537
0,4,-45,21,24,heat_load [kWh/m2],0,0
0,4,-45,21,24,cool_load [kWh/m2],0.0679724,0.0610608
0,4,-45,21,24,light_load [kWh/m2],0.0206481,0.00706221
0,4,-45,21,24,primary [kWh/m2],0.0555887,0.0508216
0,4,-45,21,26,heat_load [kWh/m2],0,0
0,4,-45,21,26,cool_load [kWh/m2],0.0787681,0.0706169
0,4,-45,21,26,light_load [kWh/m2],0.0206481,0.00706221
0,4,-45,21,26,primary [kWh/m2],0.0629437,0.0574537
0,4,0,19,24,heat_load [kWh/m2],0,0
0,4,0,19,24,cool_load [kWh/m2],0.0731261,0.0662304
0,4,0,19,24,light_load [kWh/m2],0.0230302,0.0062426
0,4,0,19,24,primary [kWh/m2],0.0591172,0.0541994
0,4,0,19,26,heat_load [kWh/m2],0,0
0,4,0,19,26,cool_load [kWh/m2],0.0858238,0.0778378
0,4,0,19,26,light_load [kWh/m2],0.0230302,0.0062426
0,4,0,19,26,primary [kWh/m2],0.0674731,0.0619861
0,4,0,21,24,heat_load [kWh/m2],0,0
0,4,0,21,24,cool_load [kWh/m2],0.0731261,0.0662304
0,4,0,21,24,light_load [kWh/m2],0.0230302,0.0062426
0,4,0,21,24,primary [kWh/m2],0.0591172,0.0541994
0,4,0,21,26,heat_load [kWh/m2],0,0
0,4,0,21,26,cool_load [kWh/m2],0.0858238,0.0778378
0,4,0,21,26,light_load [kWh/m2],0.0230302,0.0062426
0,4,0,21,26,primary [kWh/m2],0.0674731,0.0619861
0,4,45,19,24,heat_load [kWh/m2],0,0
0,4,45,19,24,cool_load [kWh/m2],0.065753,0.0597162
0,4,45,19,24,light_load [kWh/m2],0.0225281,0.00632977
0,4,45,19,24,primary [kWh/m2],0.0529847,0.0486947
0,4,45,19,26,heat_load [kWh/m2],0,0
0,4,45,19,26,cool_load [kWh/m2],0.0765,0.0692723
0,4,45,19,26,light_load [kWh/m2],0.0225281,0.00632977
0,4,45,19,26,primary [kWh/m2],0.0599735,0.0550198
0,4,45,21,24,heat_load [kWh/m2],0,0
0,4,45,21,24,cool_load [kWh/m2],0.065753,0.0597162
0,4,45,21,24,light_load [kWh/m2],0.0225281,0.00632977
0,4,45,21,24,primary [kWh/m2],0.0529847,0.0486947
0,4,45,21,26,heat_load [kWh/m2],0,0
0,4,45,21,26,cool_load [kWh/m2],0.0765,0.0692723
0,4,45,21,26,light_load [kWh/m2],0.0225281,0.00632977
0,4,45,21,26,primary [kWh/m2],0.0599735,0.0550198
1,0,-45,19,24,heat_load [kWh/m2],0,0
1,0,-45,19,24,cool_load [kWh/m2],0.0831418,0.0740717
1,0,-45,19,24,light_load [kWh/m2],0.0197538,0.00777994
1,0,-45,19,24,primary [kWh/m2],0.0653157,0.0590866
1,0,-45,19,26,heat_load [kWh/m2],0,0
1,0,-45,19,26,cool_load [kWh/m2],0.101437,0.0903695
1,0,-45,19,26,light_load [kWh/m2],0.0197538,0.00777994
1,0,-45,19,26,primary [kWh/m2],0.0768167,0.069432
1,0,-45,21,24,heat_load [kWh/m2],0,0
1,0,-45,21,24,cool_load [kWh/m2],0.0831418,0.0740717
1,0,-45,21,24,light_load [kWh/m2],0.0197538,0.00777994
1,0,-45,21,24,primary [kWh/m2],0.0653157,0.0590866
1,0,-45,21,26,heat_load [kWh/m2],0,0
1,0,-45,21,26,cool_load [kWh/m2],0.101437,0.0903695
1,0,-45,21,26,light_load [kWh/m2],0.0197538,0.00777994
1,0,-45,21,26,primary [kWh/m2],0.0768167,0.069432
1,0,0,19,24,heat_load [kWh/m2],0,0
1,0,0,19,24,cool_load [kWh/m2],0.0871376,0.078628
1,0,0,19,24,light_load [kWh/m2],0.0257319,0.00904692
1,0,0,19,24,primary [kWh/m2],0.0649327,0.0593582
1,0,0,19,26,heat_load [kWh/m2],0,0
1,0,0,19,26,cool_load [kWh/m2],0.111108,0.100655
1,0,0,19,26,light_load [kWh/m2],0.0257319,0.00904692
1,0,0,19,26,primary [kWh/m2],0.0783921,0.0717939
1,0,0,21,24,heat_load [kWh/m2],0,0
1,0,0,21,24,cool_load [kWh/m2],0.0871376,0.078628
1,0,0,21,24,light_load [kWh/m2],0.0257319,0.00904692
1,0,0,21,24,primary [kWh/m2],0.0649327,0.0593582
1,0,0,21,26,heat_load [kWh/m2],0,0
1,0,0,21,26,cool_load [kWh/m2],0.111108,0.100655
1,0,0,21,26,light_load [kWh/m2],0.0257319,0.00904692
1,0,0,21,26,primary [kWh/m2],0.0783921,0.0717939
1,0,45,19,24,heat_load [kWh/m2],0,0
1,0,45,19,24,cool_load [kWh/m2],0.0757807,0.0683564
1,0,45,19,24,light_load [kWh/m2],0.0243464,0.00732246
1,0,45,19,24,primary [kWh/m2],0.0561959,0.0510248
1,0,45,19,26,heat_load [kWh/m2],0,0
1,0,45,19,26,cool_load [kWh/m2],0.0965284,0.0869427
1,0,45,19,26,light_load [kWh/m2],0.0243464,0.00732246
1,0,45,19,26,primary [kWh/m2],0.0673831,0.0610997
1,0,45,21,24,heat_load [kWh/m2],0,0
1,0,45,21,24,cool_load [kWh/m2],0.0757807,0.0683564
1,0,45,21,24,light_load [kWh/m2],0.0243464,0.00732246
1,0,45,21,24,primary [kWh/m2],0.0561959,0.0510248
1,0,45,21,26,heat_load [kWh/m2],0,0
1,0,45,21,26,cool_load [kWh/m2],0.0965284,0.0869427
1,0,45,21,26,light_load [kWh/m2],0.0243464,0.00732246
1,0,45,21,26,primary [kWh/m2],0.0673831,0.0610997
1,1,-45,19,24,heat_load [kWh/m2],0,0
1,1,-45,19,24,cool_load [kWh/m2],0.0838955,0.0747998
1,1,-45,19,24,light_load [kWh/m2],0.0209705,0.00830817
1,1,-45,19,24,primary [kWh/m2],0.0655108,0.0592006
1,1,-45,19,26,heat_load [kWh/m2],0,0
1,1,-45,19,26,cool_load [kWh/m2],0.102412,0.0914117
1,1,-45,19,26,light_load [kWh/m2],0.0209705,0.00830817
1,1,-45,19,26,primary [kWh/m2],0.0770094,0.0696521
1,1,-45,21,24,heat_load [kWh/m2],0,0
1,1,-45,21,24,cool_load [kWh/m2],0.0838955,0.0747998
1,1,-45,21,24,light_load [kWh/m2],0.0209705,0.00830817
1,1,-45,21,24,primary [kWh/m2],0.0655108,0.0592006
1,1,-45,21,26,heat_load [kWh/m2],0,0
1,1,-45,21,26,cool_load [kWh/m2],0.102412,0.0914117
1,1,-45,21,26,light_load [kWh/m2],0.0209705,0.00830817
1,1,-45,21,26,primary [kWh/m2],0.0770094,0.0696521
1,1,0,19,24,heat_load [kWh/m2],0,0
1,1,0,19,24,cool_load [kWh/m2],0.0886235,0.0801566
1,1,0,19,24,light_load [kWh/m2],0.0285291,0.0102117
1,1,0,19,24,primary [kWh/m2],0.0649832,0.0595208
1,1,0,19,26,heat_load [kWh/m2],0,0
1,1,0,19,26,cool_load [kWh/m2],0.113785,0.103156
1,1,0,19,26,light_load [kWh/m2],0.0285291,0.0102117
1,1,0,19,26,primary [kWh/m2],0.0787554,0.0722331
1,1,0,21,24,heat_load [kWh/m2],0,0
1,1,0,21,24,cool_load [kWh/m2],0.0886235,0.0801566
1,1,0,21,24,light_load [kWh/m2],0.0285291,0.0102117
1,1,0,21,24,primary [kWh/m2],0.0649832,0.0595208
1,1,0,21,26,heat_load [kWh/m2],0,0
1,1,0,21,26,cool_load [kWh/m2],0.113785,0.103156
1,1,0,21,26,light_load [kWh/m2],0.0285291,0.0102117
1,1,0,21,26,primary [kWh/m2],0.0787554,0.0722331
1,1,45,19,24,heat_load [kWh/m2],0,0
1,1,45,19,24,cool_load [kWh/m2],0.0770105,0.0694865
1,1,45,19,24,light_load [kWh/m2],0.0269074,0.00845605
1,1,45,19,24,primary [kWh/m2],0.056061,0.0507732
1,1,45,19,26,heat_load [kWh/m2],0,0
1,1,45,19,26,cool_load [kWh/m2],0.0991391,0.0894942
1,1,45,19,26,light_load [kWh/m2],0.0269074,0.00845605
1,1,45,19,26,primary [kWh/m2],0.0676686,0.0612192
1,1,45,21,24,heat_load [kWh/m2],0,0
1,1,45,21,24,cool_load [kWh/m2],0.0770105,0.0694865
1,1,45,21,24,light_load [kWh/m2],0.0269074,0.00845605
1,1,45,21,24,primary [kWh/m2],0.056061,0.0507732
1,1,45,21,26,heat_load [kWh/m2],0,0
1,1,45,21,26,cool_load [kWh/m2],0.0991391,0.0894942
1,1,45,21,26,light_load [kWh/m2],0.0269074,0.00845605
1,1,45,21,26,primary [kWh/m2],0.0676686,0.0612192
1,2,-45,19,24,heat_load [kWh/m2],0,0
1,2,-45,19,24,cool_load [kWh/m2],0.0794408,0.0707596
1,2,-45,19,24,light_load [kWh/m2],0.0225988,0.00904466
1,2,-45,19,24,primary [kWh/m2],0.0612671,0.0551783
1,2,-45,19,26,heat_load [kWh/m2],0,0
1,2,-45,19,26,cool_load [kWh/m2],0.0970477,0.0863239
1,2,-45,19,26,light_load [kWh/m2],0.0225988,0.00904466
1,2,-45,19,26,primary [kWh/m2],0.0719915,0.0646758
1,2,-45,21,24,heat_load [kWh/m2],0,0
1,2,-45,21,24,cool_load [kWh/m2],0.0794408,0.0707596
1,2,-45,21,24,light_load [kWh/m2],0.0225988,0.00904466
1,2,-45,21,24,primary [kWh/m2],0.0612671,0.0551783
1,2,-45,21,26,heat_load [kWh/m2],0,0
1,2,-45,21,26,cool_load [kWh/m2],0.0970477,0.0863239
1,2,-45,21,26,light_load [kWh/m2],0.0225988,0.00904466
1,2,-45,21,26,primary [kWh/m2],0.0719915,0.0646758
1,2,0,19,24,heat_load [kWh/m2],0,0
1,2,0,19,24,cool_load [kWh/m2],0.0756539,0.0680356
1,2,0,19,24,light_load [kWh/m2],0.0554827,0.0263519
1,2,0,19,24,primary [kWh/m2],0.0476819,0.0417779
1,2,0,19,26,heat_load [kWh/m2],0,0
1,2,0,19,26,cool_load [kWh/m2],0.0971529,0.0873216
1,2,0,19,26,light_load [kWh/m2],0.0554827,0.0263519
1,2,0,19,26,primary [kWh/m2],0.0573699,0.0502145
1,2,0,21,24,heat_load [kWh/m2],0,0
1,2,0,21,24,cool_load [kWh/m2],0.0756539,0.0680356
1,2,0,21,24,light_load [kWh/m2],0.0554827,0.0263519
1,2,0,21,24,primary [kWh/m2],0.0476819,0.0417779
1,2,0,21,26,heat_load [kWh/m2],0,0
1,2,0,21,26,cool_load [kWh/m2],0.0971529,0.0873216
1,2,0,21,26,light_load [kWh/m2],0.0554827,0.0263519
1,2,0,21,26,primary [kWh/m2],0.0573699,0.0502145
1,2,45,19,24,heat_load [kWh/m2],0,0
1,2,45,19,24,cool_load [kWh/m2],0.0642881,0.0570259
1,2,45,19,24,light_load [kWh/m2],0.0437029,0.0177921
1,2,45,19,24,primary [kWh/m2],0.0419247,0.0361157
1,2,45,19,26,heat_load [kWh/m2],0,0
1,2,45,19,26,cool_load [kWh/m2],0.0838927,0.0744281
1,2,45,19,26,light_load [kWh/m2],0.0437029,0.0177921
1,2,45,19,26,primary [kWh/m2],0.0510182,0.0438954
1,2,45,21,24,heat_load [kWh/m2],0,0
1,2,45,21,24,cool_load [kWh/m2],0.0642881,0.0570259
1,2,45,21,24,light_load [kWh/m2],0.0437029,0.0177921
1,2,45,21,24,primary [kWh/m2],0.0419247,0.0361157
1,2,45,21,26,heat_load [kWh/m2],0,0
1,2,45,21,26,cool_load [kWh/m2],0.0838927,0.0744281
1,2,45,21,26,light_load [kWh/m2],0.0437029,0.0177921
1,2,45,21,26,primary [kWh/m2],0.0510182,0.0438954
1,3,-45,19,24,heat_load [kWh/m2],0,0
1,3,-45,19,24,cool_load [kWh/m2],0.0831462,0.0740725
1,3,-45,19,24,light_load [kWh/m2],0.0197637,0.00777528
1,3,-45,19,24,primary [kWh/m2],0.0653167,0.0590866
1,3,-45,19,26,heat_load [kWh/m2],0,0
1,3,-45,19,26,cool_load [kWh/m2],0.101443,0.0903751
1,3,-45,19,26,light_load [kWh/m2],0.0197637,0.00777528
1,3,-45,19,26,primary [kWh/m2],0.0768177,0.0694325
1,3,-45,21,24,heat_load [kWh/m2],0,0
1,3,-45,21,24,cool_load [kWh/m2],0.0831462,0.0740725
1,3,-45,21,24,light_load [kWh/m2],0.0197637,0.00777528
1,3,-45,21,24,primary [kWh/m2],0.0653167,0.0590866
1,3,-45,21,26,heat_load [kWh/m2],0,0
1,3,-45,21,26,cool_load [kWh/m2],0.101443,0.0903751
1,3,-45,21,26,light_load [kWh/m2],0.0197637,0.00777528
1,3,-45,21,26,primary [kWh/m2],0.0768177,0.0694325
1,3,0,19,24,heat_load [kWh/m2],0,0
1,3,0,19,24,cool_load [kWh/m2],0.0873364,0.078889
1,3,0,19,24,light_load [kWh/m2],0.0261265,0.00921958
1,3,0,19,24,primary [kWh/m2],0.0649309,0.0593909
1,3,0,19,26,heat_load [kWh/m2],0,0
1,3,0,19,26,cool_load [kWh/m2],0.111469,0.101054
1,3,0,19,26,light_load [kWh/m2],0.0261265,0.00921958
1,3,0,19,26,primary [kWh/m2],0.078433,0.0719035
1,3,0,21,24,heat_load [kWh/m2],0,0
1,3,0,21,24,cool_load [kWh/m2],0.0873364,0.078889
1,3,0,21,24,light_load [kWh/m2],0.0261265,0.00921958
1,3,0,21,24,primary [kWh/m2],0.0649309,0.0593909
1,3,0,21,26,heat_load [kWh/m2],0,0
1,3,0,21,26,cool_load [kWh/m2],0.111469,0.101054
1,3,0,21,26,light_load [kWh/m2],0.0261265,0.00921958
1,3,0,21,26,primary [kWh/m2],0.078433,0.0719035
1,3,45,19,24,heat_load [kWh/m2],0,0
1,3,45,19,24,cool_load [kWh/m2],0.0763357,0.0688069
1,3,45,19,24,light_load [kWh/m2],0.0253164,0.00788056
1,3,45,19,24,primary [kWh/m2],0.0561864,0.0510142
1,3,45,19,26,heat_load [kWh/m2],0,0
1,3,45,19,26,cool_load [kWh/m2],0.0976161,0.0879012
1,3,45,19,26,light_load [kWh/m2],0.0253164,0.00788056
1,3,45,19,26,primary [kWh/m2],0.0675324,0.0612768
1,3,45,21,24,heat_load [kWh/m2],0,0
1,3,45,21,24,cool_load [kWh/m2],0.0763357,0.0688069
1,3,45,21,24,light_load [kWh/m2],0.0253164,0.00788056
1,3,45,21,24,primary [kWh/m2],0.0561864,0.0510142
1,3,45,21,26,heat_load [kWh/m2],0,0
1,3,45,21,26,cool_load [kWh/m2],0.0976161,0.0879012
1,3,45,21,26,light_load [kWh/m2],0.0253164,0.00788056
1,3,45,21,26,primary [kWh/m2],0.0675324,0.0612768
1,4,-45,19,24,heat_load [kWh/m2],0,0
1,4,-45,19,24,cool_load [kWh/m2],0.0836632,0.0745847
1,4,-45,19,24,light_load [kWh/m2],0.0206464,0.00815865
1,4,-45,19,24,primary [kWh/m2],0.0654432,0.0592372
1,4,-45,19,26,heat_load [kWh/m2],0,0
1,4,-45,19,26,cool_load [kWh/m2],0.102116,0.0911893
1,4,-45,19,26,light_load [kWh/m2],0.0206464,0.00815865
1,4,-45,19,26,primary [kWh/m2],0.0769456,0.0696594
1,4,-45,21,24,heat_load [kWh/m2],0,0
1,4,-45,21,24,cool_load [kWh/m2],0.0836632,0.0745847
1,4,-45,21,24,light_load [kWh/m2],0.0206464,0.00815865
1,4,-45,21,24,primary [kWh/m2],0.0654432,0.0592372
1,4,-45,21,26,heat_load [kWh/m2],0,0
1,4,-45,21,26,cool_load [kWh/m2],0.102116,0.0911893
1,4,-45,21,26,light_load [kWh/m2],0.0206464,0.00815865
1,4,-45,21,26,primary [kWh/m2],0.0769456,0.0696594
1,4,0,19,24,heat_load [kWh/m2],0,0
1,4,0,19,24,cool_load [kWh/m2],0.0880005,0.0794821
1,4,0,19,24,light_load [kWh/m2],0.0266871,0.00952894
1,4,0,19,24,primary [kWh/m2],0.0651126,0.0595899
1,4,0,19,26,heat_load [kWh/m2],0,0
1,4,0,19,26,cool_load [kWh/m2],0.112665,0.101996
1,4,0,19,26,light_load [kWh/m2],0.0266871,0.00952894
1,4,0,19,26,primary [kWh/m2],0.0787933,0.0722397
1,4,0,21,24,heat_load [kWh/m2],0,0
1,4,0,21,24,cool_load [kWh/m2],0.0880005,0.0794821
1,4,0,21,24,light_load [kWh/m2],0.0266871,0.00952894
1,4,0,21,24,primary [kWh/m2],0.0651126,0.0595899
1,4,0,21,26,heat_load [kWh/m2],0,0
1,4,0,21,26,cool_load [kWh/m2],0.112665,0.101996
1,4,0,21,26,light_load [kWh/m2],0.0266871,0.00952894
1,4,0,21,26,primary [kWh/m2],0.0787933,0.0722397
1,4,45,19,24,heat_load [kWh/m2],0,0
1,4,45,19,24,cool_load [kWh/m2],0.0764872,0.0689001
1,4,45,19,24,light_load [kWh/m2],0.0253444,0.00789394
1,4,45,19,24,primary [kWh/m2],0.0562514,0.0510412
1,4,45,19,26,heat_load [kWh/m2],0,0
1,4,45,19,26,cool_load [kWh/m2],0.0979175,0.08811
1,4,45,19,26,light_load [kWh/m2],0.0253444,0.00789394
1,4,45,19,26,primary [kWh/m2],0.0676605,0.0613497
1,4,45,21,24,heat_load [kWh/m2],0,0
1,4,45,21,24,cool_load [kWh/m2],0.0764872,0.0689001
1,4,45,21,24,light_load [kWh/m2],0.0253444,0.00789394
1,4,45,21,24,primary [kWh/m2],0.0562514,0.0510412
1,4,45,21,26,heat_load [kWh/m2],0,0
1,4,45,21,26,cool_load [kWh/m2],0.0979175,0.08811
1,4,45,21,26,light_load [kWh/m2],0.0253444,0.00789394
1,4,45,21,26,primary [kWh/m2],0.0676605,0.0613497
2,0,-45,19,24,heat_load [kWh/m2],0.200628,0.16888
2,0,-45,19,24,cool_load [kWh/m2],0.123035,0.110218
2,0,-45,19,24,light_load [kWh/m2],0.0164385,0.00642458
2,0,-45,19,24,primary [kWh/m2],0.0764228,0.0695199
2,0,-45,19,26,heat_load [kWh/m2],0.258156,0.220047
2,0,-45,19,26,cool_load [kWh/m2],0.139079,0.125138
2,0,-45,19,26,light_load [kWh/m2],0.0164385,0.00642458
2,0,-45,19,26,primary [kWh/m2],0.0785493,0.0717144
2,0,-45,21,24,heat_load [kWh/m2],0.107424,0.088244
2,0,-45,21,24,cool_load [kWh/m2],0.124199,0.111417
2,0,-45,21,24,light_load [kWh/m2],0.0164385,0.00642458
2,0,-45,21,24,primary [kWh/m2],0.0670845,0.0614694
2,0,-45,21,26,heat_load [kWh/m2],0.174475,0.148309
2,0,-45,21,26,cool_load [kWh/m2],0.139962,0.126057
2,0,-45,21,26,light_load [kWh/m2],0.0164385,0.00642458
2,0,-45,21,26,primary [kWh/m2],0.0644674,0.0589432
2,0,0,19,24,heat_load [kWh/m2],0.284327,0.229759
2,0,0,19,24,cool_load [kWh/m2],0.143578,0.127753
2,0,0,19,24,light_load [kWh/m2],0.0164513,0.00510016
2,0,0,19,24,primary [kWh/m2],0.0858271,0.0771727
2,0,0,19,26,heat_load [kWh/m2],0.380694,0.323881
2,0,0,19,26,cool_load [kWh/m2],0.158353,0.139269
2,0,0,19,26,light_load [kWh/m2],0.0164513,0.00510016
2,0,0,19,26,primary [kWh/m2],0.0841092,0.0736715
2,0,0,21,24,heat_load [kWh/m2],0.163208,0.132787
2,0,0,21,24,cool_load [kWh/m2],0.144,0.128071
2,0,0,21,24,light_load [kWh/m2],0.0164513,0.00510016
2,0,0,21,24,primary [kWh/m2],0.0702896,0.0631725
2,0,0,21,26,heat_load [kWh/m2],0.267186,0.223133
2,0,0,21,26,cool_load [kWh/m2],0.159708,0.140828
2,0,0,21,26,light_load [kWh/m2],0.0164513,0.00510016
2,0,0,21,26,primary [kWh/m2],0.0646166,0.0527563
2,0,45,19,24,heat_load [kWh/m2],0.187765,0.166354
2,0,45,19,24,cool_load [kWh/m2],0.121004,0.109103
2,0,45,19,24,light_load [kWh/m2],0.0180784,0.00554363
2,0,45,19,24,primary [kWh/m2],0.0588799,0.053431
2,0,45,19,26,heat_load [kWh/m2],0.214941,0.190661
2,0,45,19,26,cool_load [kWh/m2],0.133376,0.119781
2,0,45,19,26,light_load [kWh/m2],0.0180784,0.00554363
2,0,45,19,26,primary [kWh/m2],0.0562956,0.0498429
2,0,45,21,24,heat_load [kWh/m2],0.119455,0.104368
2,0,45,21,24,cool_load [kWh/m2],0.122306,0.110423
2,0,45,21,24,light_load [kWh/m2],0.0180784,0.00554363
2,0,45,21,24,primary [kWh/m2],0.0454322,0.0408716
2,0,45,21,26,heat_load [kWh/m2],0.168252,0.148823
2,0,45,21,26,cool_load [kWh/m2],0.13445,0.120844
2,0,45,21,26,light_load [kWh/m2],0.0180784,0.00554363
2,0,45,21,26,primary [kWh/m2],0.0370423,0.0304076
2,1,-45,19,24,heat_load [kWh/m2],0.203362,0.173734
2,1,-45,19,24,cool_load [kWh/m2],0.123976,0.110981
2,1,-45,19,24,light_load [kWh/m2],0.0171775,0.00668475
2,1,-45,19,24,primary [kWh/m2],0.075861,0.0688122
2,1,-45,19,26,heat_load [kWh/m2],0.257407,0.221478
2,1,-45,19,26,cool_load [kWh/m2],0.140126,0.125894
2,1,-45,19,26,light_load [kWh/m2],0.0171775,0.00668475
2,1,-45,19,26,primary [kWh/m2],0.0777548,0.0709071
2,1,-45,21,24,heat_load [kWh/m2],0.110034,0.0902308
2,1,-45,21,24,cool_load [kWh/m2],0.125209,0.112357
2,1,-45,21,24,light_load [kWh/m2],0.0171775,0.00668475
2,1,-45,21,24,primary [kWh/m2],0.066273,0.0606302
2,1,-45,21,26,heat_load [kWh/m2],0.176034,0.149796
2,1,-45,21,26,cool_load [kWh/m2],0.141048,0.126662
2,1,-45,21,26,light_load [kWh/m2],0.0171775,0.00668475
2,1,-45,21,26,primary [kWh/m2],0.0632183,0.0577921
2,1,0,19,24,heat_load [kWh/m2],0.291397,0.238414
2,1,0,19,24,cool_load [kWh/m2],0.145294,0.129469
2,1,0,19,24,light_load [kWh/m2],0.018256,0.00544417
2,1,0,19,24,primary [kWh/m2],0.0845077,0.0758504
2,1,0,19,26,heat_load [kWh/m2],0.385036,0.328875
2,1,0,19,26,cool_load [kWh/m2],0.159646,0.140397
2,1,0,19,26,light_load [kWh/m2],0.018256,0.00544417
2,1,0,19,26,primary [kWh/m2],0.0816376,0.0705432
2,1,0,21,24,heat_load [kWh/m2],0.169337,0.138464
2,1,0,21,24,cool_load [kWh/m2],0.14598,0.130057
2,1,0,21,24,light_load [kWh/m2],0.018256,0.00544417
2,1,0,21,24,primary [kWh/m2],0.0683956,0.060651
2,1,0,21,26,heat_load [kWh/m2],0.273863,0.230102
2,1,0,21,26,cool_load [kWh/m2],0.161123,0.142165
2,1,0,21,26,light_load [kWh/m2],0.018256,0.00544417
2,1,0,21,26,primary [kWh/m2],0.0612582,0.0489471
2,1,45,19,24,heat_load [kWh/m2],0.191323,0.166619
2,1,45,19,24,cool_load [kWh/m2],0.122225,0.110737
2,1,45,19,24,light_load [kWh/m2],0.020411,0.00603705
2,1,45,19,24,primary [kWh/m2],0.0563983,0.0512039
2,1,45,19,26,heat_load [kWh/m2],0.216527,0.190447
2,1,45,19,26,cool_load [kWh/m2],0.134501,0.120972
2,1,45,19,26,light_load [kWh/m2],0.020411,0.00603705
2,1,45,19,26,primary [kWh/m2],0.053197,0.0450338
2,1,45,21,24,heat_load [kWh/m2],0.122154,0.105916
2,1,45,21,24,cool_load [kWh/m2],0.123672,0.111915
2,1,45,21,24,light_load [kWh/m2],0.020411,0.00603705
2,1,45,21,24,primary [kWh/m2],0.0428404,0.0372184
2,1,45,21,26,heat_load [kWh/m2],0.169477,0.149781
2,1,45,21,26,cool_load [kWh/m2],0.135645,0.122212
2,1,45,21,26,light_load [kWh/m2],0.020411,0.00603705
2,1,45,21,26,primary [kWh/m2],0.0337856,0.0267529
2,2,-45,19,24,heat_load [kWh/m2],0.115637,0.0971676
2,2,-45,19,24,cool_load [kWh/m2],0.110226,0.0982617
2,2,-45,19,24,light_load [kWh/m2],0.0192415,0.00719431
2,2,-45,19,24,primary [kWh/m2],0.0649039,0.0588528
2,2,-45,19,26,heat_load [kWh/m2],0.130882,0.109324
2,2,-45,19,26,cool_load [kWh/m2],0.12732,0.114042
2,2,-45,19,26,light_load [kWh/m2],0.0192415,0.00719431
2,2,-45,19,26,primary [kWh/m2],0.0686255,0.0624523
2,2,-45,21,24,heat_load [kWh/m2],0.0699379,0.0551909
2,2,-45,21,24,cool_load [kWh/m2],0.110868,0.0988705
2,2,-45,21,24,light_load [kWh/m2],0.0192415,0.00719431
2,2,-45,21,24,primary [kWh/m2],0.0563531,0.0513971
2,2,-45,21,26,heat_load [kWh/m2],0.0980121,0.0789914
2,2,-45,21,26,cool_load [kWh/m2],0.127724,0.114483
2,2,-45,21,26,light_load [kWh/m2],0.0192415,0.00719431
2,2,-45,21,26,primary [kWh/m2],0.0565315,0.051708
2,2,0,19,24,heat_load [kWh/m2],0.193318,0.166362
2,2,0,19,24,cool_load [kWh/m2],0.118869,0.102502
2,2,0,19,24,light_load [kWh/m2],0.0371211,0.0179559
2,2,0,19,24,primary [kWh/m2],0.0529767,0.0402633
2,2,0,19,26,heat_load [kWh/m2],0.214082,0.184505
2,2,0,19,26,cool_load [kWh/m2],0.130237,0.109429
2,2,0,19,26,light_load [kWh/m2],0.0371211,0.0179559
2,2,0,19,26,primary [kWh/m2],0.0497324,0.0333608
2,2,0,21,24,heat_load [kWh/m2],0.140452,0.122848
2,2,0,21,24,cool_load [kWh/m2],0.119916,0.103747
2,2,0,21,24,light_load [kWh/m2],0.0371211,0.0179559
2,2,0,21,24,primary [kWh/m2],0.0388569,0.0258536
2,2,0,21,26,heat_load [kWh/m2],0.178198,0.157836
2,2,0,21,26,cool_load [kWh/m2],0.130897,0.110189
2,2,0,21,26,light_load [kWh/m2],0.0371211,0.0179559
2,2,0,21,26,primary [kWh/m2],0.0342278,0.0246409
2,2,45,19,24,heat_load [kWh/m2],0.0716542,0.0644433
2,2,45,19,24,cool_load [kWh/m2],0.103708,0.092621
2,2,45,19,24,light_load [kWh/m2],0.0282969,0.0109452
2,2,45,19,24,primary [kWh/m2],0.0438536,0.0386873
2,2,45,19,26,heat_load [kWh/m2],0.0753016,0.0678305
2,2,45,19,26,cool_load [kWh/m2],0.11878,0.106287
2,2,45,19,26,light_load [kWh/m2],0.0282969,0.0109452
2,2,45,19,26,primary [kWh/m2],0.0442998,0.0382793
2,2,45,21,24,heat_load [kWh/m2],0.0507922,0.0448356
2,2,45,21,24,cool_load [kWh/m2],0.104134,0.0930272
2,2,45,21,24,light_load [kWh/m2],0.0282969,0.0109452
2,2,45,21,24,primary [kWh/m2],0.0344063,0.0302083
2,2,45,21,26,heat_load [kWh/m2],0.0598754,0.0532441
2,2,45,21,26,cool_load [kWh/m2],0.119105,0.10658
2,2,45,21,26,light_load [kWh/m2],0.0282969,0.0109452
2,2,45,21,26,primary [kWh/m2],0.032269,0.0262284
2,3,-45,19,24,heat_load [kWh/m2],0.20066,0.168894
2,3,-45,19,24,cool_load [kWh/m2],0.123044,0.110218
2,3,-45,19,24,light_load [kWh/m2],0.0164475,0.00642446
2,3,-45,19,24,primary [kWh/m2],0.0764179,0.0695121
2,3,-45,19,26,heat_load [kWh/m2],0.258181,0.220246
2,3,-45,19,26,cool_load [kWh/m2],0.139088,0.125139
2,3,-45,19,26,light_load [kWh/m2],0.0164475,0.00642446
2,3,-45,19,26,primary [kWh/m2],0.0785408,0.0717116
2,3,-45,21,24,heat_load [kWh/m2],0.10744,0.0883666
2,3,-45,21,24,cool_load [kWh/m2],0.124209,0.111421
2,3,-45,21,24,light_load [kWh/m2],0.0164475,0.00642446
2,3,-45,21,24,primary [kWh/m2],0.0670784,0.0614407
2,3,-45,21,26,heat_load [kWh/m2],0.174495,0.148197
2,3,-45,21,26,cool_load [kWh/m2],0.139972,0.126066
2,3,-45,21,26,light_load [kWh/m2],0.0164475,0.00642446
2,3,-45,21,26,primary [kWh/m2],0.0644545,0.0589424
2,3,0,19,24,heat_load [kWh/m2],0.285278,0.231065
2,3,0,19,24,cool_load [kWh/m2],0.143778,0.127987
2,3,0,19,24,light_load [kWh/m2],0.0166996,0.00514196
2,3,0,19,24,primary [kWh/m2],0.0855999,0.0768713
2,3,0,19,26,heat_load [kWh/m2],0.381373,0.324018
2,3,0,19,26,cool_load [kWh/m2],0.158462,0.139401
2,3,0,19,26,light_load [kWh/m2],0.0166996,0.00514196
2,3,0,19,26,primary [kWh/m2],0.0836973,0.0731806
2,3,0,21,24,heat_load [kWh/m2],0.163947,0.133522
2,3,0,21,24,cool_load [kWh/m2],0.144246,0.128274
2,3,0,21,24,light_load [kWh/m2],0.0166996,0.00514196
2,3,0,21,24,primary [kWh/m2],0.0699996,0.0628826
2,3,0,21,26,heat_load [kWh/m2],0.268235,0.224338
2,3,0,21,26,cool_load [kWh/m2],0.159838,0.140995
2,3,0,21,26,light_load [kWh/m2],0.0166996,0.00514196
2,3,0,21,26,primary [kWh/m2],0.0640659,0.0521237
2,3,45,19,24,heat_load [kWh/m2],0.189224,0.165773
2,3,45,19,24,cool_load [kWh/m2],0.121508,0.109703
2,3,45,19,24,light_load [kWh/m2],0.0191103,0.00577198
2,3,45,19,24,primary [kWh/m2],0.0578561,0.0526268
2,3,45,19,26,heat_load [kWh/m2],0.215438,0.191457
2,3,45,19,26,cool_load [kWh/m2],0.133817,0.120188
2,3,45,19,26,light_load [kWh/m2],0.0191103,0.00577198
2,3,45,19,26,primary [kWh/m2],0.0550172,0.0478314
2,3,45,21,24,heat_load [kWh/m2],0.120565,0.10426
2,3,45,21,24,cool_load [kWh/m2],0.122876,0.110963
2,3,45,21,24,light_load [kWh/m2],0.0191103,0.00577198
2,3,45,21,24,primary [kWh/m2],0.044362,0.0394923
2,3,45,21,26,heat_load [kWh/m2],0.168722,0.149467
2,3,45,21,26,cool_load [kWh/m2],0.134922,0.121244
2,3,45,21,26,light_load [kWh/m2],0.0191103,0.00577198
2,3,45,21,26,primary [kWh/m2],0.0356755,0.0288243
2,4,-45,19,24,heat_load [kWh/m2],0.202745,0.173153
2,4,-45,19,24,cool_load [kWh/m2],0.123538,0.110626
2,4,-45,19,24,light_load [kWh/m2],0.016995,0.00663092
2,4,-45,19,24,primary [kWh/m2],0.0757988,0.0686972
2,4,-45,19,26,heat_load [kWh/m2],0.256694,0.22102
2,4,-45,19,26,cool_load [kWh/m2],0.139586,0.125497
2,4,-45,19,26,light_load [kWh/m2],0.016995,0.00663092
2,4,-45,19,26,primary [kWh/m2],0.0777315,0.0708202
2,4,-45,21,24,heat_load [kWh/m2],0.109673,0.0896972
2,4,-45,21,24,cool_load [kWh/m2],0.124766,0.112042
2,4,-45,21,24,light_load [kWh/m2],0.016995,0.00663092
2,4,-45,21,24,primary [kWh/m2],0.0662831,0.0606565
2,4,-45,21,26,heat_load [kWh/m2],0.175696,0.149303
2,4,-45,21,26,cool_load [kWh/m2],0.140493,0.126212
2,4,-45,21,26,light_load [kWh/m2],0.016995,0.00663092
2,4,-45,21,26,primary [kWh/m2],0.0632772,0.0577809
2,4,0,19,24,heat_load [kWh/m2],0.287851,0.233172
2,4,0,19,24,cool_load [kWh/m2],0.144429,0.128498
2,4,0,19,24,light_load [kWh/m2],0.0170934,0.00521119
2,4,0,19,24,primary [kWh/m2],0.0849418,0.0763157
2,4,0,19,26,heat_load [kWh/m2],0.3826,0.324706
2,4,0,19,26,cool_load [kWh/m2],0.158847,0.139628
2,4,0,19,26,light_load [kWh/m2],0.0170934,0.00521119
2,4,0,19,26,primary [kWh/m2],0.0824507,0.0716251
2,4,0,21,24,heat_load [kWh/m2],0.166952,0.136105
2,4,0,21,24,cool_load [kWh/m2],0.145018,0.128932
2,4,0,21,24,light_load [kWh/m2],0.0170934,0.00521119
2,4,0,21,24,primary [kWh/m2],0.0690215,0.0616957
2,4,0,21,26,heat_load [kWh/m2],0.271352,0.227025
2,4,0,21,26,cool_load [kWh/m2],0.160286,0.141308
2,4,0,21,26,light_load [kWh/m2],0.0170934,0.00521119
2,4,0,21,26,primary [kWh/m2],0.0623742,0.0501936
2,4,45,19,24,heat_load [kWh/m2],0.189453,0.165732
2,4,45,19,24,cool_load [kWh/m2],0.121625,0.109849
2,4,45,19,24,light_load [kWh/m2],0.0191396,0.00578578
2,4,45,19,24,primary [kWh/m2],0.0576364,0.0524412
2,4,45,19,26,heat_load [kWh/m2],0.215483,0.191078
2,4,45,19,26,cool_load [kWh/m2],0.133913,0.120228
2,4,45,19,26,light_load [kWh/m2],0.0191396,0.00578578
2,4,45,19,26,primary [kWh/m2],0.0547343,0.0475054
2,4,45,21,24,heat_load [kWh/m2],0.120641,0.104234
2,4,45,21,24,cool_load [kWh/m2],0.12301,0.111134
2,4,45,21,24,light_load [kWh/m2],0.0191396,0.00578578
2,4,45,21,24,primary [kWh/m2],0.0441531,0.0391858
2,4,45,21,26,heat_load [kWh/m2],0.168796,0.149343
2,4,45,21,26,cool_load [kWh/m2],0.135028,0.121359
2,4,45,21,26,light_load [kWh/m2],0.0191396,0.00578578
2,4,45,21,26,primary [kWh/m2],0.0353588,0.0285121
3,0,-45,19,24,heat_load [kWh/m2],0.257367,0.203154
3,0,-45,19,24,cool_load [kWh/m2],0.197972,0.178078
3,0,-45,19,24,light_load [kWh/m2],0.018414,0.00707542
3,0,-45,19,24,primary [kWh/m2],0.117897,0.107844
3,0,-45,19,26,heat_load [kWh/m2],0.286246,0.234653
3,0,-45,19,26,cool_load [kWh/m2],0.27594,0.248618
3,0,-45,19,26,light_load [kWh/m2],0.018414,0.00707542
3,0,-45,19,26,primary [kWh/m2],0.136683,0.12525
3,0,-45,21,24,heat_load [kWh/m2],0.173077,0.151398
3,0,-45,21,24,cool_load [kWh/m2],0.197763,0.177972
3,0,-45,21,24,light_load [kWh/m2],0.018414,0.00707542
3,0,-45,21,24,primary [kWh/m2],0.105774,0.0966426
3,0,-45,21,26,heat_load [kWh/m2],0.256881,0.224167
3,0,-45,21,26,cool_load [kWh/m2],0.276085,0.248863
3,0,-45,21,26,light_load [kWh/m2],0.018414,0.00707542
3,0,-45,21,26,primary [kWh/m2],0.12024,0.110368
3,0,0,19,24,heat_load [kWh/m2],0.385906,0.323389
3,0,0,19,24,cool_load [kWh/m2],0.224939,0.198675
3,0,0,19,24,light_load [kWh/m2],0.0174446,0.00533672
3,0,0,19,24,primary [kWh/m2],0.125115,0.111522
3,0,0,19,26,heat_load [kWh/m2],0.453654,0.380194
3,0,0,19,26,cool_load [kWh/m2],0.313941,0.273217
3,0,0,19,26,light_load [kWh/m2],0.0174446,0.00533672
3,0,0,19,26,primary [kWh/m2],0.137311,0.120571
3,0,0,21,24,heat_load [kWh/m2],0.305962,0.276478
3,0,0,21,24,cool_load [kWh/m2],0.224776,0.198876
3,0,0,21,24,light_load [kWh/m2],0.0174446,0.00533672
3,0,0,21,24,primary [kWh/m2],0.100166,0.0882915
3,0,0,21,26,heat_load [kWh/m2],0.406667,0.374245
3,0,0,21,26,cool_load [kWh/m2],0.314078,0.273328
3,0,0,21,26,light_load [kWh/m2],0.0174446,0.00533672
3,0,0,21,26,primary [kWh/m2],0.104128,0.0882179
3,0,45,19,24,heat_load [kWh/m2],0.302136,0.262188
3,0,45,19,24,cool_load [kWh/m2],0.214535,0.194053
3,0,45,19,24,light_load [kWh/m2],0.0177644,0.00489516
3,0,45,19,24,primary [kWh/m2],0.105647,0.0971225
3,0,45,19,26,heat_load [kWh/m2],0.314383,0.272915
3,0,45,19,26,cool_load [kWh/m2],0.293874,0.263953
3,0,45,19,26,light_load [kWh/m2],0.0177644,0.00489516
3,0,45,19,26,primary [kWh/m2],0.111114,0.100872
3,0,45,21,24,heat_load [kWh/m2],0.188611,0.167118
3,0,45,21,24,cool_load [kWh/m2],0.214627,0.194243
3,0,45,21,24,light_load [kWh/m2],0.0177644,0.00489516
3,0,45,21,24,primary [kWh/m2],0.0761755,0.0694713
3,0,45,21,26,heat_load [kWh/m2],0.254263,0.227345
3,0,45,21,26,cool_load [kWh/m2],0.294432,0.264783
3,0,45,21,26,light_load [kWh/m2],0.0177644,0.00489516
3,0,45,21,26,primary [kWh/m2],0.0699369,0.0581338
3,1,-45,19,24,heat_load [kWh/m2],0.264862,0.207159
3,1,-45,19,24,cool_load [kWh/m2],0.201492,0.181035
3,1,-45,19,24,light_load [kWh/m2],0.01914,0.00724713
3,1,-45,19,24,primary [kWh/m2],0.118369,0.108241
3,1,-45,19,26,heat_load [kWh/m2],0.290157,0.235551
3,1,-45,19,26,cool_load [kWh/m2],0.282496,0.254659
3,1,-45,19,26,light_load [kWh/m2],0.01914,0.00724713
3,1,-45,19,26,primary [kWh/m2],0.136916,0.125369
3,1,-45,21,24,heat_load [kWh/m2],0.174959,0.150565
3,1,-45,21,24,cool_load [kWh/m2],0.201296,0.180876
3,1,-45,21,24,light_load [kWh/m2],0.01914,0.00724713
3,1,-45,21,24,primary [kWh/m2],0.105709,0.0965094
3,1,-45,21,26,heat_load [kWh/m2],0.259567,0.22437
3,1,-45,21,26,cool_load [kWh/m2],0.282635,0.254898
3,1,-45,21,26,light_load [kWh/m2],0.01914,0.00724713
3,1,-45,21,26,primary [kWh/m2],0.119529,0.109454
3,1,0,19,24,heat_load [kWh/m2],0.410066,0.348168
3,1,0,19,24,cool_load [kWh/m2],0.231281,0.204104
3,1,0,19,24,light_load [kWh/m2],0.0191357,0.00565337
3,1,0,19,24,primary [kWh/m2],0.12485,0.111268
3,1,0,19,26,heat_load [kWh/m2],0.474203,0.407264
3,1,0,19,26,cool_load [kWh/m2],0.327543,0.286242
3,1,0,19,26,light_load [kWh/m2],0.0191357,0.00565337
3,1,0,19,26,primary [kWh/m2],0.136326,0.120222
3,1,0,21,24,heat_load [kWh/m2],0.314726,0.283453
3,1,0,21,24,cool_load [kWh/m2],0.231157,0.204278
3,1,0,21,24,light_load [kWh/m2],0.0191357,0.00565337
3,1,0,21,24,primary [kWh/m2],0.097418,0.0860277
3,1,0,21,26,heat_load [kWh/m2],0.414393,0.387602
3,1,0,21,26,cool_load [kWh/m2],0.327686,0.286427
3,1,0,21,26,light_load [kWh/m2],0.0191357,0.00565337
3,1,0,21,26,primary [kWh/m2],0.0994027,0.0836146
3,1,45,19,24,heat_load [kWh/m2],0.310244,0.269224
3,1,45,19,24,cool_load [kWh/m2],0.22111,0.200732
3,1,45,19,24,light_load [kWh/m2],0.0195688,0.00527651
3,1,45,19,24,primary [kWh/m2],0.104067,0.0961245
3,1,45,19,26,heat_load [kWh/m2],0.320561,0.281808
3,1,45,19,26,cool_load [kWh/m2],0.306041,0.275531
3,1,45,19,26,light_load [kWh/m2],0.0195688,0.00527651
3,1,45,19,26,primary [kWh/m2],0.108094,0.0980031
3,1,45,21,24,heat_load [kWh/m2],0.194586,0.170342
3,1,45,21,24,cool_load [kWh/m2],0.22133,0.200914
3,1,45,21,24,light_load [kWh/m2],0.0195688,0.00527651
3,1,45,21,24,primary [kWh/m2],0.0723993,0.065579
3,1,45,21,26,heat_load [kWh/m2],0.258334,0.229768
3,1,45,21,26,cool_load [kWh/m2],0.306635,0.276319
3,1,45,21,26,light_load [kWh/m2],0.0195688,0.00527651
3,1,45,21,26,primary [kWh/m2],0.0638925,0.0533182
3,2,-45,19,24,heat_load [kWh/m2],0.154093,0.122159
3,2,-45,19,24,cool_load [kWh/m2],0.185611,0.16605
3,2,-45,19,24,light_load [kWh/m2],0.0214795,0.00796487
3,2,-45,19,24,primary [kWh/m2],0.102288,0.0934448
3,2,-45,19,26,heat_load [kWh/m2],0.157618,0.124772
3,2,-45,19,26,cool_load [kWh/m2],0.266217,0.238409
3,2,-45,19,26,light_load [kWh/m2],0.0214795,0.00796487
3,2,-45,19,26,primary [kWh/m2],0.117832,0.10734
3,2,-45,21,24,heat_load [kWh/m2],0.11103,0.0931949
3,2,-45,21,24,cool_load [kWh/m2],0.18533,0.165827
3,2,-45,21,24,light_load [kWh/m2],0.0214795,0.00796487
3,2,-45,21,24,primary [kWh/m2],0.0902554,0.0825727
3,2,-45,21,26,heat_load [kWh/m2],0.155484,0.130091
3,2,-45,21,26,cool_load [kWh/m2],0.266301,0.238489
3,2,-45,21,26,light_load [kWh/m2],0.0214795,0.00796487
3,2,-45,21,26,primary [kWh/m2],0.101188,0.0919038
3,2,0,19,24,heat_load [kWh/m2],0.330111,0.293762
3,2,0,19,24,cool_load [kWh/m2],0.213424,0.182512
3,2,0,19,24,light_load [kWh/m2],0.0359525,0.0161387
3,2,0,19,24,primary [kWh/m2],0.0870167,0.0702457
3,2,0,19,26,heat_load [kWh/m2],0.339113,0.301668
3,2,0,19,26,cool_load [kWh/m2],0.319145,0.27131
3,2,0,19,26,light_load [kWh/m2],0.0359525,0.0161387
3,2,0,19,26,primary [kWh/m2],0.0873548,0.0645335
3,2,0,21,24,heat_load [kWh/m2],0.246304,0.227151
3,2,0,21,24,cool_load [kWh/m2],0.213236,0.182402
3,2,0,21,24,light_load [kWh/m2],0.0359525,0.0161387
3,2,0,21,24,primary [kWh/m2],0.0588616,0.039935
3,2,0,21,26,heat_load [kWh/m2],0.299779,0.283089
3,2,0,21,26,cool_load [kWh/m2],0.319238,0.271479
3,2,0,21,26,light_load [kWh/m2],0.0359525,0.0161387
3,2,0,21,26,primary [kWh/m2],0.0520831,0.0314186
3,2,45,19,24,heat_load [kWh/m2],0.116901,0.104356
3,2,45,19,24,cool_load [kWh/m2],0.195559,0.175235
3,2,45,19,24,light_load [kWh/m2],0.0282944,0.00977673
3,2,45,19,24,primary [kWh/m2],0.0765414,0.0681509
3,2,45,19,26,heat_load [kWh/m2],0.118787,0.107864
3,2,45,19,26,cool_load [kWh/m2],0.284925,0.253949
3,2,45,19,26,light_load [kWh/m2],0.0282944,0.00977673
3,2,45,19,26,primary [kWh/m2],0.0796469,0.0688944
3,2,45,21,24,heat_load [kWh/m2],0.10016,0.0900658
3,2,45,21,24,cool_load [kWh/m2],0.195584,0.175354
3,2,45,21,24,light_load [kWh/m2],0.0282944,0.00977673
3,2,45,21,24,primary [kWh/m2],0.0498315,0.0415029
3,2,45,21,26,heat_load [kWh/m2],0.109722,0.0984805
3,2,45,21,26,cool_load [kWh/m2],0.284848,0.253808
3,2,45,21,26,light_load [kWh/m2],0.0282944,0.00977673
3,2,45,21,26,primary [kWh/m2],0.0459915,0.0371887
3,3,-45,19,24,heat_load [kWh/m2],0.257373,0.20319
3,3,-45,19,24,cool_load [kWh/m2],0.197992,0.178103
3,3,-45,19,24,light_load [kWh/m2],0.0184226,0.00707529
3,3,-45,19,24,primary [kWh/m2],0.117899,0.107855
3,3,-45,19,26,heat_load [kWh/m2],0.286252,0.234586
3,3,-45,19,26,cool_load [kWh/m2],0.275977,0.248647
3,3,-45,19,26,light_load [kWh/m2],0.0184226,0.00707529
3,3,-45,19,26,primary [kWh/m2],0.136684,0.125253
3,3,-45,21,24,heat_load [kWh/m2],0.173086,0.151177
3,3,-45,21,24,cool_load [kWh/m2],0.197783,0.177981
3,3,-45,21,24,light_load [kWh/m2],0.0184226,0.00707529
3,3,-45,21,24,primary [kWh/m2],0.105772,0.0966422
3,3,-45,21,26,heat_load [kWh/m2],0.256927,0.224174
3,3,-45,21,26,cool_load [kWh/m2],0.276121,0.248893
3,3,-45,21,26,light_load [kWh/m2],0.0184226,0.00707529
3,3,-45,21,26,primary [kWh/m2],0.120231,0.110395
3,3,0,19,24,heat_load [kWh/m2],0.389716,0.325575
3,3,0,19,24,cool_load [kWh/m2],0.225791,0.199286
3,3,0,19,24,light_load [kWh/m2],0.0177134,0.00539592
3,3,0,19,24,primary [kWh/m2],0.125051,0.111413
3,3,0,19,26,heat_load [kWh/m2],0.456981,0.383489
3,3,0,19,26,cool_load [kWh/m2],0.31581,0.274983
3,3,0,19,26,light_load [kWh/m2],0.0177134,0.00539592
3,3,0,19,26,primary [kWh/m2],0.137143,0.120639
3,3,0,21,24,heat_load [kWh/m2],0.307295,0.277655
3,3,0,21,24,cool_load [kWh/m2],0.225633,0.199502
3,3,0,21,24,light_load [kWh/m2],0.0177134,0.00539592
3,3,0,21,24,primary [kWh/m2],0.0997421,0.0879711
3,3,0,21,26,heat_load [kWh/m2],0.407918,0.376789
3,3,0,21,26,cool_load [kWh/m2],0.315947,0.275088
3,3,0,21,26,light_load [kWh/m2],0.0177134,0.00539592
3,3,0,21,26,primary [kWh/m2],0.103431,0.0875701
3,3,45,19,24,heat_load [kWh/m2],0.305987,0.26551
3,3,45,19,24,cool_load [kWh/m2],0.217194,0.196562
3,3,45,19,24,light_load [kWh/m2],0.018651,0.00506755
3,3,45,19,24,primary [kWh/m2],0.105004,0.0967001
3,3,45,19,26,heat_load [kWh/m2],0.317066,0.276652
3,3,45,19,26,cool_load [kWh/m2],0.298692,0.268464
3,3,45,19,26,light_load [kWh/m2],0.018651,0.00506755
3,3,45,19,26,primary [kWh/m2],0.109908,0.09991
3,3,45,21,24,heat_load [kWh/m2],0.190816,0.166544
3,3,45,21,24,cool_load [kWh/m2],0.21734,0.196764
3,3,45,21,24,light_load [kWh/m2],0.018651,0.00506755
3,3,45,21,24,primary [kWh/m2],0.0747107,0.0680988
3,3,45,21,26,heat_load [kWh/m2],0.255664,0.226414
3,3,45,21,26,cool_load [kWh/m2],0.299268,0.269462
3,3,45,21,26,light_load [kWh/m2],0.018651,0.00506755
3,3,45,21,26,primary [kWh/m2],0.0675599,0.0563472
3,4,-45,19,24,heat_load [kWh/m2],0.264313,0.20672
3,4,-45,19,24,cool_load [kWh/m2],0.200301,0.179984
3,4,-45,19,24,light_load [kWh/m2],0.0189911,0.00722618
3,4,-45,19,24,primary [kWh/m2],0.118063,0.108006
3,4,-45,19,26,heat_load [kWh/m2],0.28938,0.234635
3,4,-45,19,26,cool_load [kWh/m2],0.280153,0.252212
3,4,-45,19,26,light_load [kWh/m2],0.0189911,0.00722618
3,4,-45,19,26,primary [kWh/m2],0.136589,0.124941
3,4,-45,21,24,heat_load [kWh/m2],0.174053,0.150324
3,4,-45,21,24,cool_load [kWh/m2],0.200111,0.179723
3,4,-45,21,24,light_load [kWh/m2],0.0189911,0.00722618
3,4,-45,21,24,primary [kWh/m2],0.105549,0.0964896
3,4,-45,21,26,heat_load [kWh/m2],0.2589,0.224541
3,4,-45,21,26,cool_load [kWh/m2],0.280286,0.252423
3,4,-45,21,26,light_load [kWh/m2],0.0189911,0.00722618
3,4,-45,21,26,primary [kWh/m2],0.119387,0.109377
3,4,0,19,24,heat_load [kWh/m2],0.401404,0.337092
3,4,0,19,24,cool_load [kWh/m2],0.228451,0.20177
3,4,0,19,24,light_load [kWh/m2],0.0181061,0.00545878
3,4,0,19,24,primary [kWh/m2],0.124896,0.111108
3,4,0,19,26,heat_load [kWh/m2],0.466169,0.395857
3,4,0,19,26,cool_load [kWh/m2],0.3216,0.280947
3,4,0,19,26,light_load [kWh/m2],0.0181061,0.00545878
3,4,0,19,26,primary [kWh/m2],0.136683,0.120584
3,4,0,21,24,heat_load [kWh/m2],0.311248,0.280418
3,4,0,21,24,cool_load [kWh/m2],0.228317,0.202095
3,4,0,21,24,light_load [kWh/m2],0.0181061,0.00545878
3,4,0,21,24,primary [kWh/m2],0.098411,0.0868651
3,4,0,21,26,heat_load [kWh/m2],0.411373,0.381723
3,4,0,21,26,cool_load [kWh/m2],0.321722,0.281042
3,4,0,21,26,light_load [kWh/m2],0.0181061,0.00545878
3,4,0,21,26,primary [kWh/m2],0.101183,0.0854078
3,4,45,19,24,heat_load [kWh/m2],0.306564,0.265812
3,4,45,19,24,cool_load [kWh/m2],0.217762,0.197174
3,4,45,19,24,light_load [kWh/m2],0.0186763,0.00508129
3,4,45,19,24,primary [kWh/m2],0.10487,0.0965739
3,4,45,19,26,heat_load [kWh/m2],0.317522,0.277298
3,4,45,19,26,cool_load [kWh/m2],0.299713,0.269395
3,4,45,19,26,light_load [kWh/m2],0.0186763,0.00508129
3,4,45,19,26,primary [kWh/m2],0.109645,0.0995028
3,4,45,21,24,heat_load [kWh/m2],0.191083,0.166991
3,4,45,21,24,cool_load [kWh/m2],0.217919,0.197371
3,4,45,21,24,light_load [kWh/m2],0.0186763,0.00508129
3,4,45,21,24,primary [kWh/m2],0.0743841,0.0678432
3,4,45,21,26,heat_load [kWh/m2],0.255715,0.226346
3,4,45,21,26,cool_load [kWh/m2],0.300297,0.27038
3,4,45,21,26,light_load [kWh/m2],0.0186763,0.00508129
3,4,45,21,26,primary [kWh/m2],0.0670269,0.0559233
4,0,-45,19,24,heat_load [kWh/m2],0.0859787,0.075016
4,0,-45,19,24,cool_load [kWh/m2],0.183888,0.165843
4,0,-45,19,24,light_load [kWh/m2],0.0157046,0.00571246
4,0,-45,19,24,primary [kWh/m2],0.012703,0.00888009
4,0,-45,19,26,heat_load [kWh/m2],0.0893724,0.078508
4,0,-45,19,26,cool_load [kWh/m2],0.214976,0.193197
4,0,-45,19,26,light_load [kWh/m2],0.0157046,0.00571246
4,0,-45,19,26,primary [kWh/m2],0.0168057,0.007621
4,0,-45,21,24,heat_load [kWh/m2],0.0720043,0.062307
4,0,-45,21,24,cool_load [kWh/m2],0.186928,0.169477
4,0,-45,21,24,light_load [kWh/m2],0.0157046,0.00571246
4,0,-45,21,24,primary [kWh/m2],0.0125465,0.00740776
4,0,-45,21,26,heat_load [kWh/m2],0.0795206,0.0696308
4,0,-45,21,26,cool_load [kWh/m2],0.217306,0.19579
4,0,-45,21,26,light_load [kWh/m2],0.0157046,0.00571246
4,0,-45,21,26,primary [kWh/m2],0.0198486,0.0107976
4,0,0,19,24,heat_load [kWh/m2],0.119366,0.105284
4,0,0,19,24,cool_load [kWh/m2],0.212223,0.183801
4,0,0,19,24,light_load [kWh/m2],0.0146504,0.00452184
4,0,0,19,24,primary [kWh/m2],0.0364743,0.0219696
4,0,0,19,26,heat_load [kWh/m2],0.125225,0.111089
4,0,0,19,26,cool_load [kWh/m2],0.255625,0.222812
4,0,0,19,26,light_load [kWh/m2],0.0146504,0.00452184
4,0,0,19,26,primary [kWh/m2],0.0460776,0.0304518
4,0,0,21,24,heat_load [kWh/m2],0.0960318,0.0845294
4,0,0,21,24,cool_load [kWh/m2],0.220227,0.192668
4,0,0,21,24,light_load [kWh/m2],0.0146504,0.00452184
4,0,0,21,24,primary [kWh/m2],0.0322579,0.0200765
4,0,0,21,26,heat_load [kWh/m2],0.108838,0.0976852
4,0,0,21,26,cool_load [kWh/m2],0.259233,0.225489
4,0,0,21,26,light_load [kWh/m2],0.0146504,0.00452184
4,0,0,21,26,primary [kWh/m2],0.0465742,0.0336498
4,0,45,19,24,heat_load [kWh/m2],0.0792906,0.0710209
4,0,45,19,24,cool_load [kWh/m2],0.181738,0.164671
4,0,45,19,24,light_load [kWh/m2],0.0150147,0.00445498
4,0,45,19,24,primary [kWh/m2],0.0241295,0.0168471
4,0,45,19,26,heat_load [kWh/m2],0.0810594,0.0726913
4,0,45,19,26,cool_load [kWh/m2],0.218012,0.197131
4,0,45,19,26,light_load [kWh/m2],0.0150147,0.00445498
4,0,45,19,26,primary [kWh/m2],0.0295759,0.0232053
4,0,45,21,24,heat_load [kWh/m2],0.0672681,0.0603224
4,0,45,21,24,cool_load [kWh/m2],0.186424,0.168883
4,0,45,21,24,light_load [kWh/m2],0.0150147,0.00445498
4,0,45,21,24,primary [kWh/m2],0.0224699,0.0167368
4,0,45,21,26,heat_load [kWh/m2],0.0725573,0.0656864
4,0,45,21,26,cool_load [kWh/m2],0.220176,0.199178
4,0,45,21,26,light_load [kWh/m2],0.0150147,0.00445498
4,0,45,21,26,primary [kWh/m2],0.0304783,0.0258295
4,1,-45,19,24,heat_load [kWh/m2],0.0863794,0.0753718
4,1,-45,19,24,cool_load [kWh/m2],0.185743,0.167781
4,1,-45,19,24,light_load [kWh/m2],0.0159681,0.00576536
4,1,-45,19,24,primary [kWh/m2],0.0131645,0.00869614
4,1,-45,19,26,heat_load [kWh/m2],0.0895961,0.0786527
4,1,-45,19,26,cool_load [kWh/m2],0.217653,0.196154
4,1,-45,19,26,light_load [kWh/m2],0.0159681,0.00576536
4,1,-45,19,26,primary [kWh/m2],0.0176094,0.00834198
4,1,-45,21,24,heat_load [kWh/m2],0.0725892,0.0627384
4,1,-45,21,24,cool_load [kWh/m2],0.188802,0.171236
4,1,-45,21,24,light_load [kWh/m2],0.0159681,0.00576536
4,1,-45,21,24,primary [kWh/m2],0.0131547,0.0070906
4,1,-45,21,26,heat_load [kWh/m2],0.0799398,0.069713
4,1,-45,21,26,cool_load [kWh/m2],0.219966,0.198408
4,1,-45,21,26,light_load [kWh/m2],0.0159681,0.00576536
4,1,-45,21,26,primary [kWh/m2],0.0207605,0.0115283
4,1,0,19,24,heat_load [kWh/m2],0.120972,0.107058
4,1,0,19,24,cool_load [kWh/m2],0.215775,0.187274
4,1,0,19,24,light_load [kWh/m2],0.0150706,0.00453479
4,1,0,19,24,primary [kWh/m2],0.0387392,0.0241273
4,1,0,19,26,heat_load [kWh/m2],0.126226,0.112249
4,1,0,19,26,cool_load [kWh/m2],0.262448,0.228645
4,1,0,19,26,light_load [kWh/m2],0.0150706,0.00453479
4,1,0,19,26,primary [kWh/m2],0.0483665,0.0326553
4,1,0,21,24,heat_load [kWh/m2],0.0978585,0.0866332
4,1,0,21,24,cool_load [kWh/m2],0.223856,0.194875
4,1,0,21,24,light_load [kWh/m2],0.0150706,0.00453479
4,1,0,21,24,primary [kWh/m2],0.0345184,0.022331
4,1,0,21,26,heat_load [kWh/m2],0.109895,0.098499
4,1,0,21,26,cool_load [kWh/m2],0.265731,0.231978
4,1,0,21,26,light_load [kWh/m2],0.0150706,0.00453479
4,1,0,21,26,primary [kWh/m2],0.0486996,0.0358317
4,1,45,19,24,heat_load [kWh/m2],0.0798914,0.0715469
4,1,45,19,24,cool_load [kWh/m2],0.185238,0.167413
4,1,45,19,24,light_load [kWh/m2],0.0156738,0.0045408
4,1,45,19,24,primary [kWh/m2],0.0257776,0.0186023
4,1,45,19,26,heat_load [kWh/m2],0.0814407,0.0729016
4,1,45,19,26,cool_load [kWh/m2],0.223617,0.202368
4,1,45,19,26,light_load [kWh/m2],0.0156738,0.0045408
4,1,45,19,26,primary [kWh/m2],0.031169,0.0248984
4,1,45,21,24,heat_load [kWh/m2],0.0679429,0.0609229
4,1,45,21,24,cool_load [kWh/m2],0.189942,0.172122
4,1,45,21,24,light_load [kWh/m2],0.0156738,0.0045408
4,1,45,21,24,primary [kWh/m2],0.0240039,0.0183686
4,1,45,21,26,heat_load [kWh/m2],0.0729059,0.065984
4,1,45,21,26,cool_load [kWh/m2],0.225631,0.204425
4,1,45,21,26,light_load [kWh/m2],0.0156738,0.0045408
4,1,45,21,26,primary [kWh/m2],0.0318502,0.0269347
4,2,-45,19,24,heat_load [kWh/m2],0.0509604,0.0427368
4,2,-45,19,24,cool_load [kWh/m2],0.176819,0.158972
4,2,-45,19,24,light_load [kWh/m2],0.0177708,0.00625822
4,2,-45,19,24,primary [kWh/m2],0.0119841,0.00967421
4,2,-45,19,26,heat_load [kWh/m2],0.0527987,0.0446192
4,2,-45,19,26,cool_load [kWh/m2],0.210112,0.188799
4,2,-45,19,26,light_load [kWh/m2],0.0177708,0.00625822
4,2,-45,19,26,primary [kWh/m2],0.0108326,0.00874965
4,2,-45,21,24,heat_load [kWh/m2],0.04548,0.0384086
4,2,-45,21,24,cool_load [kWh/m2],0.178828,0.161685
4,2,-45,21,24,light_load [kWh/m2],0.0177708,0.00625822
4,2,-45,21,24,primary [kWh/m2],0.00934135,0.007881
4,2,-45,21,26,heat_load [kWh/m2],0.0496074,0.0423898
4,2,-45,21,26,cool_load [kWh/m2],0.21177,0.190049
4,2,-45,21,26,light_load [kWh/m2],0.0177708,0.00625822
4,2,-45,21,26,primary [kWh/m2],0.0107463,0.00664983
4,2,0,19,24,heat_load [kWh/m2],0.0761989,0.0688711
4,2,0,19,24,cool_load [kWh/m2],0.202847,0.171831
4,2,0,19,24,light_load [kWh/m2],0.0265868,0.0116127
4,2,0,19,24,primary [kWh/m2],0.0298081,0.0193252
4,2,0,19,26,heat_load [kWh/m2],0.0771671,0.0696648
4,2,0,19,26,cool_load [kWh/m2],0.254862,0.216571
4,2,0,19,26,light_load [kWh/m2],0.0265868,0.0116127
4,2,0,19,26,primary [kWh/m2],0.0347854,0.0235979
4,2,0,21,24,heat_load [kWh/m2],0.0682938,0.0626427
4,2,0,21,24,cool_load [kWh/m2],0.206499,0.175275
4,2,0,21,24,light_load [kWh/m2],0.0265868,0.0116127
4,2,0,21,24,primary [kWh/m2],0.0296158,0.0211733
4,2,0,21,26,heat_load [kWh/m2],0.0716922,0.0658081
4,2,0,21,26,cool_load [kWh/m2],0.255675,0.217195
4,2,0,21,26,light_load [kWh/m2],0.0265868,0.0116127
4,2,0,21,26,primary [kWh/m2],0.0361239,0.0279835
4,2,45,19,24,heat_load [kWh/m2],0.0376194,0.0337006
4,2,45,19,24,cool_load [kWh/m2],0.171145,0.15389
4,2,45,19,24,light_load [kWh/m2],0.0223946,0.00674323
4,2,45,19,24,primary [kWh/m2],0.00775356,0.00390684
4,2,45,19,26,heat_load [kWh/m2],0.0378664,0.0338716
4,2,45,19,26,cool_load [kWh/m2],0.212196,0.191318
4,2,45,19,26,light_load [kWh/m2],0.0223946,0.00674323
4,2,45,19,26,primary [kWh/m2],0.00981999,0.00574058
4,2,45,21,24,heat_load [kWh/m2],0.0343648,0.0309348
4,2,45,21,24,cool_load [kWh/m2],0.173269,0.155846
4,2,45,21,24,light_load [kWh/m2],0.0223946,0.00674323
4,2,45,21,24,primary [kWh/m2],0.00843231,0.00505899
4,2,45,21,26,heat_load [kWh/m2],0.0362689,0.0327928
4,2,45,21,26,cool_load [kWh/m2],0.213005,0.1921
4,2,45,21,26,light_load [kWh/m2],0.0223946,0.00674323
4,2,45,21,26,primary [kWh/m2],0.0117917,0.00910135
4,3,-45,19,24,heat_load [kWh/m2],0.0859788,0.0750144
4,3,-45,19,24,cool_load [kWh/m2],0.1839,0.16585
4,3,-45,19,24,light_load [kWh/m2],0.0157155,0.00572149
4,3,-45,19,24,primary [kWh/m2],0.0127046,0.0088735
4,3,-45,19,26,heat_load [kWh/m2],0.0893727,0.0785165
4,3,-45,19,26,cool_load [kWh/m2],0.214991,0.193216
4,3,-45,19,26,light_load [kWh/m2],0.0157155,0.00572149
4,3,-45,19,26,primary [kWh/m2],0.0168099,0.00762774
4,3,-45,21,24,heat_load [kWh/m2],0.0720016,0.062305
4,3,-45,21,24,cool_load [kWh/m2],0.186939,0.169487
4,3,-45,21,24,light_load [kWh/m2],0.0157155,0.00572149
4,3,-45,21,24,primary [kWh/m2],0.0125478,0.00740582
4,3,-45,21,26,heat_load [kWh/m2],0.0795179,0.0696239
4,3,-45,21,26,cool_load [kWh/m2],0.217321,0.195804
4,3,-45,21,26,light_load [kWh/m2],0.0157155,0.00572149
4,3,-45,21,26,primary [kWh/m2],0.0198515,0.0107935
4,3,0,19,24,heat_load [kWh/m2],0.119559,0.105514
4,3,0,19,24,cool_load [kWh/m2],0.212652,0.184055
4,3,0,19,24,light_load [kWh/m2],0.0147187,0.00452627
4,3,0,19,24,primary [kWh/m2],0.0368464,0.0223445
4,3,0,19,26,heat_load [kWh/m2],0.125289,0.111138
4,3,0,19,26,cool_load [kWh/m2],0.256511,0.223575
4,3,0,19,26,light_load [kWh/m2],0.0147187,0.00452627
4,3,0,19,26,primary [kWh/m2],0.0464451,0.0308018
4,3,0,21,24,heat_load [kWh/m2],0.0962415,0.0848832
4,3,0,21,24,cool_load [kWh/m2],0.220652,0.192862
4,3,0,21,24,light_load [kWh/m2],0.0147187,0.00452627
4,3,0,21,24,primary [kWh/m2],0.0326026,0.020418
4,3,0,21,26,heat_load [kWh/m2],0.108906,0.097807
4,3,0,21,26,cool_load [kWh/m2],0.260062,0.226261
4,3,0,21,26,light_load [kWh/m2],0.0147187,0.00452627
4,3,0,21,26,primary [kWh/m2],0.0468816,0.0340985
4,3,45,19,24,heat_load [kWh/m2],0.0796115,0.0713394
4,3,45,19,24,cool_load [kWh/m2],0.182883,0.165344
4,3,45,19,24,light_load [kWh/m2],0.0153281,0.0045
4,3,45,19,24,primary [kWh/m2],0.0249877,0.0178146
4,3,45,19,26,heat_load [kWh/m2],0.0811694,0.0727694
4,3,45,19,26,cool_load [kWh/m2],0.220074,0.199074
4,3,45,19,26,light_load [kWh/m2],0.0153281,0.0045
4,3,45,19,26,primary [kWh/m2],0.0303032,0.0240649
4,3,45,21,24,heat_load [kWh/m2],0.0676301,0.0605997
4,3,45,21,24,cool_load [kWh/m2],0.187576,0.169935
4,3,45,21,24,light_load [kWh/m2],0.0153281,0.0045
4,3,45,21,24,primary [kWh/m2],0.0232742,0.017524
4,3,45,21,26,heat_load [kWh/m2],0.0726889,0.0657881
4,3,45,21,26,cool_load [kWh/m2],0.222063,0.20078
4,3,45,21,26,light_load [kWh/m2],0.0153281,0.0045
4,3,45,21,26,primary [kWh/m2],0.0311206,0.0263131
4,4,-45,19,24,heat_load [kWh/m2],0.0858068,0.0748589
4,4,-45,19,24,cool_load [kWh/m2],0.18495,0.167054
4,4,-45,19,24,light_load [kWh/m2],0.0159591,0.00576061
4,4,-45,19,24,primary [kWh/m2],0.0131712,0.00871252
4,4,-45,19,26,heat_load [kWh/m2],0.0889568,0.0779849
4,4,-45,19,26,cool_load [kWh/m2],0.216649,0.195325
4,4,-45,19,26,light_load [kWh/m2],0.0159591,0.00576061
4,4,-45,19,26,primary [kWh/m2],0.0175411,0.00826992
4,4,-45,21,24,heat_load [kWh/m2],0.0722714,0.0624999
4,4,-45,21,24,cool_load [kWh/m2],0.187963,0.170448
4,4,-45,21,24,light_load [kWh/m2],0.0159591,0.00576061
4,4,-45,21,24,primary [kWh/m2],0.0131437,0.00707513
4,4,-45,21,26,heat_load [kWh/m2],0.0794423,0.0693726
4,4,-45,21,26,cool_load [kWh/m2],0.218911,0.197504
4,4,-45,21,26,light_load [kWh/m2],0.0159591,0.00576061
4,4,-45,21,26,primary [kWh/m2],0.0206142,0.01143
4,4,0,19,24,heat_load [kWh/m2],0.119758,0.105621
4,4,0,19,24,cool_load [kWh/m2],0.214176,0.185675
4,4,0,19,24,light_load [kWh/m2],0.0148472,0.00453036
4,4,0,19,24,primary [kWh/m2],0.0379627,0.0233423
4,4,0,19,26,heat_load [kWh/m2],0.125129,0.11099
4,4,0,19,26,cool_load [kWh/m2],0.259523,0.226119
4,4,0,19,26,light_load [kWh/m2],0.0148472,0.00453036
4,4,0,19,26,primary [kWh/m2],0.0475086,0.0317901
4,4,0,21,24,heat_load [kWh/m2],0.0968346,0.0856481
4,4,0,21,24,cool_load [kWh/m2],0.222259,0.194066
4,4,0,21,24,light_load [kWh/m2],0.0148472,0.00453036
4,4,0,21,24,primary [kWh/m2],0.0337421,0.0215687
4,4,0,21,26,heat_load [kWh/m2],0.109071,0.0978566
4,4,0,21,26,cool_load [kWh/m2],0.262913,0.229174
4,4,0,21,26,light_load [kWh/m2],0.0148472,0.00453036
4,4,0,21,26,primary [kWh/m2],0.0479106,0.0350677
4,4,45,19,24,heat_load [kWh/m2],0.0796344,0.0713846
4,4,45,19,24,cool_load [kWh/m2],0.183201,0.165658
4,4,45,19,24,light_load [kWh/m2],0.0153467,0.00449992
4,4,45,19,24,primary [kWh/m2],0.0251147,0.0179242
4,4,45,19,26,heat_load [kWh/m2],0.0811751,0.0727875
4,4,45,19,26,cool_load [kWh/m2],0.220563,0.199542
4,4,45,19,26,light_load [kWh/m2],0.0153467,0.00449992
4,4,45,19,26,primary [kWh/m2],0.0304269,0.024199
4,4,45,21,24,heat_load [kWh/m2],0.067665,0.0606024
4,4,45,21,24,cool_load [kWh/m2],0.187899,0.170228
4,4,45,21,24,light_load [kWh/m2],0.0153467,0.00449992
4,4,45,21,24,primary [kWh/m2],0.0233941,0.0176587
4,4,45,21,26,heat_load [kWh/m2],0.0727001,0.0657583
4,4,45,21,26,cool_load [kWh/m2],0.222544,0.201247
4,4,45,21,26,light_load [kWh/m2],0.0153467,0.00449992
4,4,45,21,26,primary [kWh/m2],0.0312298,0.0264153
5,0,-45,19,24,heat_load [kWh/m2],0.128497,0.106621
5,0,-45,19,24,cool_load [kWh/m2],0.280771,0.257475
5,0,-45,19,24,light_load [kWh/m2],0.0105344,0.00409021
5,0,-45,19,24,primary [kWh/m2],0.0407536,0.0348283
5,0,-45,19,26,heat_load [kWh/m2],0.154298,0.130799
5,0,-45,19,26,cool_load [kWh/m2],0.315259,0.28818
5,0,-45,19,26,light_load [kWh/m2],0.0105344,0.00409021
5,0,-45,19,26,primary [kWh/m2],0.0298069,0.0249926
5,0,-45,21,24,heat_load [kWh/m2],0.096497,0.0787815
5,0,-45,21,24,cool_load [kWh/m2],0.279906,0.25573
5,0,-45,21,24,light_load [kWh/m2],0.0105344,0.00409021
5,0,-45,21,24,primary [kWh/m2],0.0336739,0.0295258
5,0,-45,21,26,heat_load [kWh/m2],0.127117,0.105692
5,0,-45,21,26,cool_load [kWh/m2],0.320576,0.295339
5,0,-45,21,26,light_load [kWh/m2],0.0105344,0.00409021
5,0,-45,21,26,primary [kWh/m2],0.0252788,0.0220922
5,0,0,19,24,heat_load [kWh/m2],0.18796,0.160875
5,0,0,19,24,cool_load [kWh/m2],0.34416,0.307574
5,0,0,19,24,light_load [kWh/m2],0.00894893,0.00303314
5,0,0,19,24,primary [kWh/m2],0.0371493,0.0302477
5,0,0,19,26,heat_load [kWh/m2],0.227028,0.194632
5,0,0,19,26,cool_load [kWh/m2],0.410302,0.369879
5,0,0,19,26,light_load [kWh/m2],0.00894893,0.00303314
5,0,0,19,26,primary [kWh/m2],0.0441989,0.0331319
5,0,0,21,24,heat_load [kWh/m2],0.139323,0.119941
5,0,0,21,24,cool_load [kWh/m2],0.334841,0.298554
5,0,0,21,24,light_load [kWh/m2],0.00894893,0.00303314
5,0,0,21,24,primary [kWh/m2],0.0261209,0.0215397
5,0,0,21,26,heat_load [kWh/m2],0.182103,0.15699
5,0,0,21,26,cool_load [kWh/m2],0.40532,0.364705
5,0,0,21,26,light_load [kWh/m2],0.00894893,0.00303314
5,0,0,21,26,primary [kWh/m2],0.0416228,0.0209246
5,0,45,19,24,heat_load [kWh/m2],0.139901,0.118166
5,0,45,19,24,cool_load [kWh/m2],0.282481,0.258896
5,0,45,19,24,light_load [kWh/m2],0.0089869,0.0025702
5,0,45,19,24,primary [kWh/m2],0.022998,0.0177012
5,0,45,19,26,heat_load [kWh/m2],0.165547,0.141716
5,0,45,19,26,cool_load [kWh/m2],0.321121,0.291907
5,0,45,19,26,light_load [kWh/m2],0.0089869,0.0025702
5,0,45,19,26,primary [kWh/m2],0.0394861,0.0191683
5,0,45,21,24,heat_load [kWh/m2],0.105641,0.0896318
5,0,45,21,24,cool_load [kWh/m2],0.279548,0.255256
5,0,45,21,24,light_load [kWh/m2],0.0089869,0.0025702
5,0,45,21,24,primary [kWh/m2],0.0169621,0.0124555
5,0,45,21,26,heat_load [kWh/m2],0.135423,0.116212
5,0,45,21,26,cool_load [kWh/m2],0.326485,0.300125
5,0,45,21,26,light_load [kWh/m2],0.0089869,0.0025702
5,0,45,21,26,primary [kWh/m2],0.0379098,0.020919
5,1,-45,19,24,heat_load [kWh/m2],0.130344,0.107775
5,1,-45,19,24,cool_load [kWh/m2],0.285603,0.26192
5,1,-45,19,24,light_load [kWh/m2],0.0110434,0.00419036
5,1,-45,19,24,primary [kWh/m2],0.0383569,0.0321124
5,1,-45,19,26,heat_load [kWh/m2],0.155459,0.131778
5,1,-45,19,26,cool_load [kWh/m2],0.320401,0.293043
5,1,-45,19,26,light_load [kWh/m2],0.0110434,0.00419036
5,1,-45,19,26,primary [kWh/m2],0.0285346,0.0242727
5,1,-45,21,24,heat_load [kWh/m2],0.0985658,0.0802499
5,1,-45,21,24,cool_load [kWh/m2],0.285082,0.260693
5,1,-45,21,24,light_load [kWh/m2],0.0110434,0.00419036
5,1,-45,21,24,primary [kWh/m2],0.0315509,0.027191
5,1,-45,21,26,heat_load [kWh/m2],0.129088,0.107013
5,1,-45,21,26,cool_load [kWh/m2],0.326024,0.299969
5,1,-45,21,26,light_load [kWh/m2],0.0110434,0.00419036
5,1,-45,21,26,primary [kWh/m2],0.0251249,0.0213206
5,1,0,19,24,heat_load [kWh/m2],0.19406,0.166376
5,1,0,19,24,cool_load [kWh/m2],0.356046,0.319732
5,1,0,19,24,light_load [kWh/m2],0.0103579,0.0032131
5,1,0,19,24,primary [kWh/m2],0.035532,0.0295441
5,1,0,19,26,heat_load [kWh/m2],0.232504,0.199653
5,1,0,19,26,cool_load [kWh/m2],0.426383,0.38517
5,1,0,19,26,light_load [kWh/m2],0.0103579,0.0032131
5,1,0,19,26,primary [kWh/m2],0.0499728,0.0321462
5,1,0,21,24,heat_load [kWh/m2],0.144108,0.124336
5,1,0,21,24,cool_load [kWh/m2],0.346613,0.310378
5,1,0,21,24,light_load [kWh/m2],0.0103579,0.0032131
5,1,0,21,24,primary [kWh/m2],0.0263334,0.0212658
5,1,0,21,26,heat_load [kWh/m2],0.186491,0.160922
5,1,0,21,26,cool_load [kWh/m2],0.4214,0.380523
5,1,0,21,26,light_load [kWh/m2],0.0103579,0.0032131
5,1,0,21,26,primary [kWh/m2],0.0484979,0.0258753
5,1,45,19,24,heat_load [kWh/m2],0.143613,0.12184
5,1,45,19,24,cool_load [kWh/m2],0.291929,0.267538
5,1,45,19,24,light_load [kWh/m2],0.0105742,0.00287195
5,1,45,19,24,primary [kWh/m2],0.0261745,0.0163097
5,1,45,19,26,heat_load [kWh/m2],0.168255,0.144244
5,1,45,19,26,cool_load [kWh/m2],0.332368,0.30257
5,1,45,19,26,light_load [kWh/m2],0.0105742,0.00287195
5,1,45,19,26,primary [kWh/m2],0.0463306,0.0251711
5,1,45,21,24,heat_load [kWh/m2],0.108781,0.0926989
5,1,45,21,24,cool_load [kWh/m2],0.28967,0.264144
5,1,45,21,24,light_load [kWh/m2],0.0105742,0.00287195
5,1,45,21,24,primary [kWh/m2],0.0200748,0.0110491
5,1,45,21,26,heat_load [kWh/m2],0.138551,0.119407
5,1,45,21,26,cool_load [kWh/m2],0.338573,0.311121
5,1,45,21,26,light_load [kWh/m2],0.0105742,0.00287195
5,1,45,21,26,primary [kWh/m2],0.0443964,0.0264674
5,2,-45,19,24,heat_load [kWh/m2],0.0746116,0.0591166
5,2,-45,19,24,cool_load [kWh/m2],0.261071,0.238567
5,2,-45,19,24,light_load [kWh/m2],0.013042,0.00483426
5,2,-45,19,24,primary [kWh/m2],0.0343237,0.0288455
5,2,-45,19,26,heat_load [kWh/m2],0.0826665,0.0671203
5,2,-45,19,26,cool_load [kWh/m2],0.298566,0.270761
5,2,-45,19,26,light_load [kWh/m2],0.013042,0.00483426
5,2,-45,19,26,primary [kWh/m2],0.0276604,0.0217241
5,2,-45,21,24,heat_load [kWh/m2],0.0617985,0.049089
5,2,-45,21,24,cool_load [kWh/m2],0.261403,0.23822
5,2,-45,21,24,light_load [kWh/m2],0.013042,0.00483426
5,2,-45,21,24,primary [kWh/m2],0.0274547,0.023267
5,2,-45,21,26,heat_load [kWh/m2],0.0763508,0.0620625
5,2,-45,21,26,cool_load [kWh/m2],0.301071,0.274698
5,2,-45,21,26,light_load [kWh/m2],0.013042,0.00483426
5,2,-45,21,26,primary [kWh/m2],0.0207895,0.0173453
5,2,0,19,24,heat_load [kWh/m2],0.145458,0.1296
5,2,0,19,24,cool_load [kWh/m2],0.330075,0.282302
5,2,0,19,24,light_load [kWh/m2],0.021466,0.01021
5,2,0,19,24,primary [kWh/m2],0.0533592,0.0335706
5,2,0,19,26,heat_load [kWh/m2],0.154813,0.138504
5,2,0,19,26,cool_load [kWh/m2],0.387472,0.325954
5,2,0,19,26,light_load [kWh/m2],0.021466,0.01021
5,2,0,19,26,primary [kWh/m2],0.0692187,0.048491
5,2,0,21,24,heat_load [kWh/m2],0.119184,0.105598
5,2,0,21,24,cool_load [kWh/m2],0.336318,0.291023
5,2,0,21,24,light_load [kWh/m2],0.021466,0.01021
5,2,0,21,24,primary [kWh/m2],0.0476262,0.0307012
5,2,0,21,26,heat_load [kWh/m2],0.138529,0.124609
5,2,0,21,26,cool_load [kWh/m2],0.392939,0.331533
5,2,0,21,26,light_load [kWh/m2],0.021466,0.01021
5,2,0,21,26,primary [kWh/m2],0.0705401,0.0537593
5,2,45,19,24,heat_load [kWh/m2],0.0689709,0.0585978
5,2,45,19,24,cool_load [kWh/m2],0.254581,0.230137
5,2,45,19,24,light_load [kWh/m2],0.0169695,0.00516809
5,2,45,19,24,primary [kWh/m2],0.0140916,0.00903768
5,2,45,19,26,heat_load [kWh/m2],0.0738688,0.0632291
5,2,45,19,26,cool_load [kWh/m2],0.298386,0.269082
5,2,45,19,26,light_load [kWh/m2],0.0169695,0.00516809
5,2,45,19,26,primary [kWh/m2],0.0199214,0.00973882
5,2,45,21,24,heat_load [kWh/m2],0.0577833,0.0496602
5,2,45,21,24,cool_load [kWh/m2],0.255265,0.231422
5,2,45,21,24,light_load [kWh/m2],0.0169695,0.00516809
5,2,45,21,24,primary [kWh/m2],0.011839,0.00602016
5,2,45,21,26,heat_load [kWh/m2],0.0670422,0.0580231
5,2,45,21,26,cool_load [kWh/m2],0.300521,0.271664
5,2,45,21,26,light_load [kWh/m2],0.0169695,0.00516809
5,2,45,21,26,primary [kWh/m2],0.0214918,0.012464
5,3,-45,19,24,heat_load [kWh/m2],0.128516,0.106612
5,3,-45,19,24,cool_load [kWh/m2],0.280811,0.25751
5,3,-45,19,24,light_load [kWh/m2],0.0105389,0.0040901
5,3,-45,19,24,primary [kWh/m2],0.0407269,0.0348168
5,3,-45,19,26,heat_load [kWh/m2],0.154307,0.130753
5,3,-45,19,26,cool_load [kWh/m2],0.315302,0.288213
5,3,-45,19,26,light_load [kWh/m2],0.0105389,0.0040901
5,3,-45,19,26,primary [kWh/m2],0.0297954,0.0249938
5,3,-45,21,24,heat_load [kWh/m2],0.0965105,0.0787467
5,3,-45,21,24,cool_load [kWh/m2],0.279947,0.255776
5,3,-45,21,24,light_load [kWh/m2],0.0105389,0.0040901
5,3,-45,21,24,primary [kWh/m2],0.0336503,0.0295034
5,3,-45,21,26,heat_load [kWh/m2],0.127133,0.105717
5,3,-45,21,26,cool_load [kWh/m2],0.320621,0.295378
5,3,-45,21,26,light_load [kWh/m2],0.0105389,0.0040901
5,3,-45,21,26,primary [kWh/m2],0.0252734,0.0220877
5,3,0,19,24,heat_load [kWh/m2],0.188762,0.161617
5,3,0,19,24,cool_load [kWh/m2],0.345905,0.30928
5,3,0,19,24,light_load [kWh/m2],0.00910829,0.00305682
5,3,0,19,24,primary [kWh/m2],0.0367356,0.0300566
5,3,0,19,26,heat_load [kWh/m2],0.227677,0.195291
5,3,0,19,26,cool_load [kWh/m2],0.412571,0.372182
5,3,0,19,26,light_load [kWh/m2],0.00910829,0.00305682
5,3,0,19,26,primary [kWh/m2],0.0450441,0.0329939
5,3,0,21,24,heat_load [kWh/m2],0.13997,0.120363
5,3,0,21,24,cool_load [kWh/m2],0.336602,0.300293
5,3,0,21,24,light_load [kWh/m2],0.00910829,0.00305682
5,3,0,21,24,primary [kWh/m2],0.0260486,0.0215287
5,3,0,21,26,heat_load [kWh/m2],0.182648,0.157501
5,3,0,21,26,cool_load [kWh/m2],0.407626,0.366973
5,3,0,21,26,light_load [kWh/m2],0.00910829,0.00305682
5,3,0,21,26,primary [kWh/m2],0.0427189,0.0211483
5,3,45,19,24,heat_load [kWh/m2],0.141297,0.119692
5,3,45,19,24,cool_load [kWh/m2],0.286176,0.262566
5,3,45,19,24,light_load [kWh/m2],0.00970168,0.00269772
5,3,45,19,24,primary [kWh/m2],0.0242743,0.0171342
5,3,45,19,26,heat_load [kWh/m2],0.166279,0.142511
5,3,45,19,26,cool_load [kWh/m2],0.32528,0.296357
5,3,45,19,26,light_load [kWh/m2],0.00970168,0.00269772
5,3,45,19,26,primary [kWh/m2],0.0424919,0.0217144
5,3,45,21,24,heat_load [kWh/m2],0.106926,0.0908442
5,3,45,21,24,cool_load [kWh/m2],0.28377,0.258864
5,3,45,21,24,light_load [kWh/m2],0.00970168,0.00269772
5,3,45,21,24,primary [kWh/m2],0.0182571,0.011845
5,3,45,21,26,heat_load [kWh/m2],0.136661,0.117543
5,3,45,21,26,cool_load [kWh/m2],0.331127,0.304627
5,3,45,21,26,light_load [kWh/m2],0.00970168,0.00269772
5,3,45,21,26,primary [kWh/m2],0.0408318,0.0232986
5,4,-45,19,24,heat_load [kWh/m2],0.129697,0.107135
5,4,-45,19,24,cool_load [kWh/m2],0.283725,0.260185
5,4,-45,19,24,light_load [kWh/m2],0.0109146,0.00414856
5,4,-45,19,24,primary [kWh/m2],0.0385489,0.0323524
5,4,-45,19,26,heat_load [kWh/m2],0.154648,0.13103
5,4,-45,19,26,cool_load [kWh/m2],0.318138,0.290797
5,4,-45,19,26,light_load [kWh/m2],0.0109146,0.00414856
5,4,-45,19,26,primary [kWh/m2],0.0285913,0.024306
5,4,-45,21,24,heat_load [kWh/m2],0.0980367,0.0798277
5,4,-45,21,24,cool_load [kWh/m2],0.283339,0.259004
5,4,-45,21,24,light_load [kWh/m2],0.0109146,0.00414856
5,4,-45,21,24,primary [kWh/m2],0.0318364,0.0274292
5,4,-45,21,26,heat_load [kWh/m2],0.128365,0.10667
5,4,-45,21,26,cool_load [kWh/m2],0.323748,0.298264
5,4,-45,21,26,light_load [kWh/m2],0.0109146,0.00414856
5,4,-45,21,26,primary [kWh/m2],0.0251004,0.0213894
5,4,0,19,24,heat_load [kWh/m2],0.191219,0.163331
5,4,0,19,24,cool_load [kWh/m2],0.351215,0.314575
5,4,0,19,24,light_load [kWh/m2],0.0093708,0.00310406
5,4,0,19,24,primary [kWh/m2],0.0358363,0.0298635
5,4,0,19,26,heat_load [kWh/m2],0.229683,0.196977
5,4,0,19,26,cool_load [kWh/m2],0.419665,0.37906
5,4,0,19,26,light_load [kWh/m2],0.0093708,0.00310406
5,4,0,19,26,primary [kWh/m2],0.0477023,0.0326639
5,4,0,21,24,heat_load [kWh/m2],0.141988,0.122428
5,4,0,21,24,cool_load [kWh/m2],0.34188,0.30549
5,4,0,21,24,light_load [kWh/m2],0.0093708,0.00310406
5,4,0,21,24,primary [kWh/m2],0.026038,0.0213258
5,4,0,21,26,heat_load [kWh/m2],0.184368,0.159022
5,4,0,21,26,cool_load [kWh/m2],0.414702,0.37428
5,4,0,21,26,light_load [kWh/m2],0.0093708,0.00310406
5,4,0,21,26,primary [kWh/m2],0.0459117,0.0238413
5,4,45,19,24,heat_load [kWh/m2],0.141524,0.119905
5,4,45,19,24,cool_load [kWh/m2],0.287047,0.263328
5,4,45,19,24,light_load [kWh/m2],0.00971653,0.00270246
5,4,45,19,24,primary [kWh/m2],0.0245152,0.0171029
5,4,45,19,26,heat_load [kWh/m2],0.166458,0.142643
5,4,45,19,26,cool_load [kWh/m2],0.326326,0.297308
5,4,45,19,26,light_load [kWh/m2],0.00971653,0.00270246
5,4,45,19,26,primary [kWh/m2],0.0430618,0.0222875
5,4,45,21,24,heat_load [kWh/m2],0.107115,0.090952
5,4,45,21,24,cool_load [kWh/m2],0.284667,0.259702
5,4,45,21,24,light_load [kWh/m2],0.00971653,0.00270246
5,4,45,21,24,primary [kWh/m2],0.0184756,0.0117587
5,4,45,21,26,heat_load [kWh/m2],0.136864,0.117705
5,4,45,21,26,cool_load [kWh/m2],0.332234,0.30572
5,4,45,21,26,light_load [kWh/m2],0.00971653,0.00270246
5,4,45,21,26,primary [kWh/m2],0.0413482,0.0237884
